name,area,rating,price_range,cuisine,link
Handi Restaurant,"MI Road, Jaipur",3.8,"₹1,600 for two","['North Indian, BBQ, Mughlai, Continental, Desserts, Beverages, Chinese']",/jaipur/handi-restaurant-mi-road/info
The Night Jar,"MI Road, Jaipur",4.6,"₹2,800 for two",['Bar Food'],/jaipur/the-night-jar-mi-road/info
Downtown Jaipur,"Gopalbari, Jaipur",4.4,"₹1,400 for two","['North Indian, Chinese, Continental, Italian']",/jaipur/downtown-jaipur-gopalbari/info
Jay's Mirove Artisanal Kitchen,"C Scheme, Jaipur",4.2,"₹2,150 for two","['North Indian, Chinese, Italian, Pizza, Pasta, Sushi, Desserts']",/jaipur/jays-mirove-artisanal-kitchen-c-scheme/info
The Dome,"MI Road, Jaipur",4.2,"₹2,800 for two","['Continental, Italian, North Indian, Asian, Bar Food, Desserts']",/jaipur/the-dome-1-mi-road/info
The Little French Home,"Gopalbari, Jaipur",4.4,"₹1,200 for two","['French, Pasta, Pizza, Salad, Desserts, Coffee, Shake, Beverages']",/jaipur/the-little-french-home-gopalbari/info
KnightHouse,"C Scheme, Jaipur",4.6,"₹3,000 for two","['North Indian, Italian, Continental, Mexican, Pasta']",/jaipur/knighthouse-c-scheme/info
Sirka,"C Scheme, Jaipur",4.5,"₹2,500 for two","['North Indian, Biryani, Beverages, Kebab, Mughlai, Rajasthani, Continental']",/jaipur/sirka-c-scheme/info
Silly Rabbit Kafe,"Gopalbari, Jaipur",4.3,₹850 for two,"['Fast Food, Pizza, Alcoholic Beverages, Coffee, Continental, Mexican, Mediterranean, Asian']",/jaipur/silly-rabbit-kafe-gopalbari/info
Chirmi Palace,"C Scheme, Jaipur",4.4,"₹1,900 for two","['Rajasthani, North Indian, Italian, Continental, Asian, Desserts, Coffee, Beverages']",/jaipur/chirmi-palace-c-scheme/info
Clayb.orn,"Vaishali Nagar, Jaipur",4.5,"₹3,300 for two","['North Indian, Italian, Asian, Desserts, Beverages']",/jaipur/clayb-orn-vaishali-nagar/info
Paro Modern Indian Bar,"MI Road, Jaipur",4.4,"₹2,700 for two","['Continental, North Indian, Italian, Beverages, Desserts']",/jaipur/paro-modern-indian-bar-1-mi-road/info
BOSS,"Gandhinagar Jaipur, Jaipur",New,"₹3,500 for two","['North Indian, Pizza, Continental, Alcoholic Beverages']",/jaipur/boss-gandhinagar-jaipur/info
Retreat,"C Scheme, Jaipur",4.2,"₹2,500 for two","['North Indian, Chinese, Continental, Fast Food, Finger Food, Desserts, Beverages']",/jaipur/retreat-c-scheme/info
Chawla's M.I Road (Since 1960),"MI Road, Jaipur",4.6,"₹1,500 for two","['Grilled Chicken, Biryani, North Indian, Mughlai, Chinese, Kebab']",/jaipur/chawlas-m-i-road-since-1960-mi-road/info
Garh The Rooftop Cafe,"Amer, Jaipur",4.4,"₹1,100 for two","['Cafe, North Indian, Continental, Italian, Fast Food, Pancake, Beverages']",/jaipur/garh-the-rooftop-cafe-2-amer/info
one8 Commune - Jaipur,"Malviya Nagar, Jaipur",4.4,"₹3,200 for two","['Continental, Italian, North Indian, Asian, Desserts']",/jaipur/one8-commune-jaipur-malviya-nagar/info
Kingsman Air Lounge Experience,"Malviya Nagar, Jaipur",4.3,"₹2,200 for two","['North Indian, Chinese, Mexican, Italian, Sushi, Pizza, Asian, Bar Food']",/jaipur/kingsman-air-lounge-experience-malviya-nagar/info
Purgatory 777,"C Scheme, Jaipur",4.5,"₹2,800 for two","['Continental, Asian, North Indian, Mexican, Italian, Finger Food']",/jaipur/purgatory-777-c-scheme/info
MIROH,"MI Road, Jaipur",4.8,"₹2,200 for two","['North Indian, Continental, Italian, Chinese, Biryani, Pizza, Desserts']",/jaipur/miroh-mi-road/info
The Swinton House,"MI Road, Jaipur",4.9,"₹2,500 for two","['Continental, Italian, European, Modern Indian, Oriental, Pasta']",/jaipur/the-swinton-house-mi-road/info
Up & Up,"Bapu Nagar, Jaipur",4.1,"₹1,800 for two","['Chinese, North Indian, Momos, Oriental, Fast Food, Desserts, Shake, Beverages']",/jaipur/up-up-bapu-nagar/info
3D Restro Lounge,"Malviya Nagar, Jaipur",4.0,"₹1,900 for two","['North Indian, Fast Food, Italian, Chinese, Beverages']",/jaipur/3d-restro-lounge-malviya-nagar/info
Roso,"C Scheme, Jaipur",4.2,"₹2,000 for two","['Finger Food, Continental, Asian, North Indian, Mexican, Italian, Alcoholic Beverages, Bar Food']",/jaipur/roso-c-scheme/info
Ouzo Bar & Kitchen,"Vaishali Nagar, Jaipur",4.4,"₹1,400 for two","['Asian, North Indian, Continental, Mexican, Italian, Desserts, Beverages']",/jaipur/ouzo-bar-kitchen-vaishali-nagar/info
Clock Tower,"Adarsh Nagar, Jaipur",4.9,"₹2,500 for two","['North Indian, Continental, Italian, Chinese, Desserts, Beverages']",/jaipur/clock-tower-adarsh-nagar/info
Draught House Bar & Grill,"Tonk Road, Jaipur",4.3,"₹2,500 for two","['North Indian, Mughlai, Chinese, European, Italian, Salad, Biryani, Beverages']",/jaipur/draught-house-bar-grill-tonk-road/info
Townsend Kitchen | Bar,"Adarsh Nagar, Jaipur",4.4,"₹1,800 for two","['Chinese, Italian, North Indian, Continental, Asian, Desserts, Beverages, Sushi']",/jaipur/townsend-kitchen-bar-adarsh-nagar/info
Tan - Sukh By Kanha,"Jagatpura, Jaipur",4.4,"₹1,600 for two","['North Indian, South Indian, Mexican, Oriental, Chinese, Italian, Rajasthani, Desserts']",/jaipur/tan-sukh-by-kanha-jagatpura/info
The Lama,"C Scheme, Jaipur",4.5,₹600 for two,"['Japanese, Asian, Chinese, Sushi']",/jaipur/the-lama-c-scheme/info
The Socialite,"Lal Kothi, Jaipur",4.0,"₹2,000 for two","['North Indian, Italian, Chinese']",/jaipur/the-socialite-1-lal-kothi/info
House Of Wok,"Malviya Nagar, Jaipur",4.6,"₹1,500 for two","['Asian, Thai, Japanese, Chinese, Beverages']",/jaipur/house-of-wok-1-malviya-nagar/info
Nazara By Doorbeen,"Lal Kothi, Jaipur",4.5,"₹1,600 for two","['Rajasthani, Chinese, Thai, Italian, Pizza, Desserts']",/jaipur/nazara-by-doorbeen-lal-kothi/info
Tamasha,"Vaishali Nagar, Jaipur",4.4,"₹2,000 for two","['Beverages, Coffee, Italian, Mexican']",/jaipur/tamasha-vaishali-nagar/info
Assamica,"C Scheme, Jaipur",4.6,₹950 for two,"['Lebanese, Fast Food, Desserts, Beverages, Cafe, Continental, Italian, North Indian']",/jaipur/assamica-c-scheme/info
Waraahi,"C Scheme, Jaipur",4.8,"₹1,200 for two","['North Indian, Beverages, Healthy Food']",/jaipur/waraahi-c-scheme/info
Lusty Lettuce,"C Scheme, Jaipur",3.9,"₹1,300 for two","['Healthy Food, Continental, Italian, Desserts, Beverages']",/jaipur/lusty-lettuce-c-scheme/info
Stepout Cafe,"C Scheme, Jaipur",4.4,"₹1,000 for two","['Lebanese, Coffee, Healthy Food, Italian, Mexican, Salad, Desserts, Beverages']",/jaipur/stepout-cafe-c-scheme/info
Hawk View,"Pink City, Jaipur",4.3,"₹1,700 for two","['North Indian, Chinese, Mughlai, Italian, Sandwich, Fast Food, Desserts, Beverages']",/jaipur/hawk-view-pink-city/info
Le Farsan,"C Scheme, Jaipur",4.2,"₹1,000 for two","['North Indian, Gujarati, Chinese, Pasta, Healthy Food, Desserts, Shake, Beverages']",/jaipur/le-farsan-1-c-scheme/info
Nosh 24*7 - Holiday Inn Express And Suites,"Gopalpura, Jaipur",4.6,"₹2,000 for two","['Cafe, Italian, Sandwich, Wraps, Pizza, Pasta, Salad, Desserts']",/jaipur/nosh-24-7-holiday-inn-express-and-suites-gopalpura/info
Spice & Soul,"Vaishali Nagar, Jaipur",4.4,"₹1,500 for two","['North Indian, Continental, Mexican, Asian, South Indian, Salad, Italian, Beverages']",/jaipur/spice-soul-vaishali-nagar/info
Club Patio,"Mansarovar, Jaipur",4.2,"₹1,600 for two","['North Indian, Fast Food, Finger Food, Chinese, Italian, Continental, Pizza, Kebab']",/jaipur/club-patio-mansarovar/info
Kahanee,"Bani Park, Jaipur",4.0,"₹1,100 for two","['North Indian, South Indian, Chinese, Fast Food, Desserts, Beverages']",/jaipur/kahanee-bani-park/info
Kaafila Bar & Lounge,"Sodala, Jaipur",4.5,"₹1,700 for two","['North Indian, Chinese, Italian, Fast Food, Desserts, Beverages']",/jaipur/kaafila-bar-lounge-sodala/info
Camiano Patisserie & Brasserie,"Civil Lines, Jaipur",4.6,"₹1,100 for two","['Cafe, Bakery, Coffee, Sandwich, Italian, Healthy Food, Fast Food, Desserts']",/jaipur/camiano-patisserie-brasserie-civil-lines/info
Aurum - Hilton Jaipur,"Bais Godam, Jaipur",4.2,"₹3,000 for two","['North Indian, Italian, Asian, Chinese, Continental, Fast Food, Desserts, Beverages']",/jaipur/aurum-hilton-jaipur-bais-godam/info
National Canteen Co.,"Vaishali Nagar, Jaipur",New,₹400 for two,"['South Indian, Street Food']",/jaipur/national-canteen-co-vaishali-nagar/info
Roadhouse Bar & Grill-Holiday Inn,"Bais Godam, Jaipur",4.6,"₹2,100 for two","['Salad, Continental, North Indian, Italian, Fast Food']",/jaipur/roadhouse-bar-grill-holiday-inn-bais-godam/info
Nouba Kitchen And Bar,"C Scheme, Jaipur",4.5,"₹2,500 for two","['Asian, North Indian, Thai, Beverages, Bar Food, Sushi, Pizza, Oriental']",/jaipur/nouba-kitchen-and-bar-c-scheme/info
Sapphire,"Bani Park, Jaipur",4.0,"₹3,500 for two","['North Indian, Continental, Desserts, Shake']",/jaipur/sapphire-1-bani-park/info
Izara,"Malviya Nagar, Jaipur",4.1,"₹1,000 for two","['North Indian, Chinese, Continental']",/jaipur/izara-malviya-nagar/info
Once Upon A Time At The Bagh,"Agra Road, Jaipur",4.3,"₹3,000 for two","['North Indian, Mughlai, Beverages, Sushi, Pasta, Pizza, Desserts, Grilled Chicken']",/jaipur/once-upon-a-time-at-the-bagh-agra-road/info
Jaipur Modern Kitchen,"C Scheme, Jaipur",4.5,"₹1,900 for two","['Wraps, African, Desserts, Coffee']",/jaipur/jaipur-modern-kitchen-c-scheme/info
Shri Bhanwar Bhog Thali,"Vaishali Nagar, Jaipur",4.6,"₹1,000 for two","['North Indian, Beverages, Coffee, Tea, Rajasthani']",/jaipur/shri-bhanwar-bhog-thali-vaishali-nagar/info
Cafe Auberge,"Civil Lines, Jaipur",4.7,₹850 for two,"['North Indian, Italian, Beverages']",/jaipur/cafe-auberge-1-civil-lines/info
TVG - The Vegetarian Grill,"Amer Road, Jaipur",3.6,"₹1,200 for two","['North Indian, Chinese, Italian, Mexican, Kebab, Sandwich, Beverages']",/jaipur/tvg-the-vegetarian-grill-amer-road/info
The Garden Leaf,"Malviya Nagar, Jaipur",4.5,"₹1,950 for two","['North Indian, Chinese, Italian, Beverages, Cafe, Fast Food, Shake, Coffee']",/jaipur/the-garden-leaf-malviya-nagar/info
Baramasi,"MI Road, Jaipur",4.4,"₹2,800 for two","['Continental, Asian, Italian, North Indian, Mughlai, Biryani, Bar Food, Beverages']",/jaipur/baramasi-mi-road/info
On The House,"C Scheme, Jaipur",4.4,₹950 for two,"['Italian, Continental, Mexican, Waffle, Desserts, Beverages']",/jaipur/on-the-house-c-scheme/info
Cream Centre - Vegetarian Legacy Since 1958,"Malviya Nagar, Jaipur",4.4,"₹1,800 for two","['North Indian, Chinese, Italian, Mexican, Ice Cream, Tea, Beverages']",/jaipur/cream-centre-vegetarian-legacy-since-1958-malviya-nagar/info
Mambos Bistro,"Vaishali Nagar, Jaipur",4.2,₹950 for two,"['Italian, Cafe, Pizza, Pasta, North Indian, Coffee, Desserts']",/jaipur/mambos-bistro-vaishali-nagar/info
Khwaab,"Bapu Nagar, Jaipur",4.5,"₹2,700 for two","['North Indian, Mughlai, Continental, Italian, Oriental, Asian, Mexican, Desserts']",/jaipur/khwaab-1-bapu-nagar/info
Jashn,"Vidhyadhar Nagar, Jaipur",4.4,₹600 for two,"['Cafe, Coffee, Fast Food, Street Food, North Indian, Chinese, Desserts, Beverages']",/jaipur/jashn-vidhyadhar-nagar/info
The Great Indian Dhaba,"Tonk Road, Jaipur",4.6,"₹1,000 for two","['Rajasthani, North Indian, Chinese, Fast Food, Desserts']",/jaipur/the-great-indian-dhaba-tonk-road/info
Skyloft Open Air Lounge,"Sodala, Jaipur",4.2,"₹1,500 for two","['Continental, North Indian, Chinese, Pizza, Pasta, Kebab, Biryani, Oriental']",/jaipur/skyloft-open-air-lounge-sodala/info
Cafe LazyMojo,"Malviya Nagar, Jaipur",4.5,₹950 for two,"['Cafe, Italian, Continental, North Indian, Chinese, American, Desserts, Beverages']",/jaipur/cafe-lazymojo-malviya-nagar/info
Skyfall By Replay,"Bapu Nagar, Jaipur",4.5,"₹2,400 for two","['North Indian, Lebanese, Oriental, Italian, Biryani, Desserts, Beverages']",/jaipur/skyfall-by-replay-bapu-nagar/info
Kebabs & Curries Company,"Bani Park, Jaipur",4.5,₹700 for two,"['North Indian, Kebab, Rolls, Biryani, Beverages']",/jaipur/kebabs-curries-company-bani-park/info
Palash Restaurant & Banquet,"Sodala, Jaipur",4.7,"₹1,100 for two","['North Indian, South Indian, Oriental, Fast Food, Street Food']",/jaipur/palash-restaurant-banquet-sodala/info
Muhammadi Palace,"Sansar Chandra Road, Jaipur",4.0,₹600 for two,"['North Indian, Mughlai, Biryani']",/jaipur/muhammadi-palace-sansar-chandra-road/info
Diona,"Sodala, Jaipur",4.2,"₹3,000 for two","['North Indian, Continental, Asian, Pizza, Fast Food, Bar Food, Desserts']",/jaipur/diona-sodala/info
VR Cafe & Family Restaurant,"Vaishali Nagar, Jaipur",4.3,"₹1,400 for two","['Cafe, Coffee, Shake, Beverages, North Indian, Fast Food, Chinese, Pasta']",/jaipur/vr-cafe-family-restaurant-vaishali-nagar/info
Mezo,"Tonk Road, Jaipur",4.5,"₹2,300 for two","['Continental, Mediterranean, Turkish, Modern Indian, Asian, Desserts, Drinks Only, Chinese']",/jaipur/mezo-tonk-road/info
Burgrill - OG's of Grilled Burger,"Mansarovar, Jaipur",3.4,₹500 for two,"['Burger, Sandwich, Wraps, Grilled Chicken, Healthy Food, Beverages, Coffee, Salad']",/jaipur/burgrill-ogs-of-grilled-burger-mansarovar/info
Vegetrainian,"Vaishali Nagar, Jaipur",4.0,₹800 for two,"['North Indian, Salad, Ice Cream, Desserts, Beverages, Continental, Chinese']",/jaipur/vegetrainian-vaishali-nagar/info
Kohhee By The Night Jar,"Bais Godam, Jaipur",4.5,"₹1,000 for two","['Continental, Coffee, Italian']",/jaipur/kohhee-by-the-night-jar-1-bais-godam/info
Cayo Kitchen And Bar,"Shyam Nagar, Jaipur",4.6,"₹1,200 for two","['Continental, Asian, North Indian, Italian, Chinese, Mughlai']",/jaipur/cayo-kitchen-and-bar-shyam-nagar/info
B&B-Brew And Brunch,"C Scheme, Jaipur",4.4,"₹1,000 for two","['Cafe, Coffee, Beverages, Wraps, Italian, Fast Food, Burger, Desserts']",/jaipur/b-b-brew-and-brunch-1-c-scheme/info
Savera,"Mansarovar, Jaipur",3.6,"₹1,000 for two","['North Indian, Continental, Italian, Tea, Beverages, Coffee, Cafe, Healthy Food']",/jaipur/savera-mansarovar/info
Waraahi,"Vaishali Nagar, Jaipur",4.5,"₹1,000 for two","['North Indian, Italian, Bakery']",/jaipur/waraahi-vaishali-nagar/info
Jeypore,"Vaishali Nagar, Jaipur",4.5,"₹1,000 for two","['North Indian, South Indian, Chinese, Momos, Fast Food, Desserts, Shake, Beverages']",/jaipur/jeypore-vaishali-nagar/info
Croft House,"C Scheme, Jaipur",4.3,₹750 for two,"['Cafe, Coffee, Mexican, Fast Food']",/jaipur/croft-house-c-scheme/info
Amritsar House,"Malviya Nagar, Jaipur",4.1,₹900 for two,"['North Indian, Mughlai, Chinese, Biryani, Pizza, Fast Food, Desserts, Beverages']",/jaipur/amritsar-house-malviya-nagar/info
Dyore- Experiences,"Civil Lines, Jaipur",4.4,"₹2,750 for two","['Bar Food, Salad, North Indian, Kebab, Pizza, Pasta']",/jaipur/dyore-experiences-civil-lines/info
Akuri,"Tonk Road, Jaipur",4.7,"₹1,800 for two","['Cafe, Parsi, Continental, North Indian, Bakery, Sandwich, Desserts, Beverages']",/jaipur/akuri-tonk-road/info
The Magnolia-Coffee & InBetween,"Malviya Nagar, Jaipur",4.3,"₹1,100 for two","['Continental, Sandwich, Healthy Food, Burger, Pizza, Pasta, Desserts, Beverages']",/jaipur/the-magnolia-coffee-inbetween-malviya-nagar/info
ORA,"Malviya Nagar, Jaipur",4.3,"₹1,800 for two","['Lebanese, Continental, North Indian, American, Italian, Chinese, Beverages, Asian']",/jaipur/ora-malviya-nagar/info
Mamu's Infusion,"C Scheme, Jaipur",4.3,"₹1,200 for two","['Italian, Chinese, Mexican, Lebanese, Thai, North Indian, Desserts, Beverages']",/jaipur/mamus-infusion-c-scheme/info
Lighthouse - Brewery Bar & Kitchen,"Gopalpura, Jaipur",4.4,"₹3,200 for two","['North Indian, Chinese, Oriental, Pasta, Pizza, Desserts, Bar Food, Beverages']",/jaipur/lighthouse-brewery-bar-kitchen-gopalpura/info
RITUAL,"Durgapura, Jaipur",4.5,"₹1,000 for two","['North Indian, Burger, Sandwich, Pizza, Italian, Fast Food, Beverages']",/jaipur/ritual-durgapura/info
Club Teddy,"Sodala, Jaipur",New,"₹1,450 for two","['North Indian, Fast Food, Continental']",/jaipur/club-teddy-sodala/info
Havana,"Jagatpura, Jaipur",4.5,"₹1,000 for two","['Chinese, North Indian']",/jaipur/havana-jagatpura/info
Mood Makers Restro Bar,"Vaishali Nagar, Jaipur",4.3,"₹1,100 for two","['North Indian, Pizza, Pasta, Sandwich, Chinese, Salad']",/jaipur/mood-makers-restro-bar-vaishali-nagar/info
Masala Ministry,"Malviya Nagar, Jaipur",4.2,"₹1,000 for two","['North Indian, Chinese, Fast Food, Biryani, Beverages']",/jaipur/masala-ministry-malviya-nagar/info
Douse Rooftop & Kitchen,"Malviya Nagar, Jaipur",4.4,"₹1,200 for two","['North Indian, Chinese, Continental, Pizza, Pasta, Salad, Desserts, Italian']",/jaipur/douse-rooftop-kitchen-malviya-nagar/info
D Sura,"DCM, Jaipur",New,"₹1,000 for two","['North Indian, Chinese, Fast Food']",/jaipur/d-sura-dcm/info
Hotel Safari - La-Villa Restaurant,"Gopalpura, Jaipur",4.4,"₹1,100 for two","['North Indian, Chinese, South Indian, Continental, Fast Food, Desserts, Beverages']",/jaipur/hotel-safari-la-villa-restaurant-gopalpura/info
Zarpe - Kitchen & Bar,"Malviya Nagar, Jaipur",4.3,"₹1,500 for two","['North Indian, Fast Food, Pizza, Pasta, Cafe, Beverages, Italian']",/jaipur/zarpe-kitchen-bar-malviya-nagar/info
Vayu by BUR'dera,"Durgapura, Jaipur",4.4,"₹2,500 for two","['North Indian, Japanese, Chinese, Mughlai, Sushi, Biryani, Bar Food, Kebab']",/jaipur/vayu-by-burdera-durgapura/info
Sheesh Mahal - Anantara Jewel Bagh,"Sitapur, Jaipur",4.5,"₹2,000 for two","['North Indian, Mughlai']",/jaipur/sheesh-mahal-anantara-jewel-bagh-sitapur/info
Decked Up By Garden Cafe,"Vaishali Nagar, Jaipur",4.5,"₹2,000 for two","['North Indian, South Indian, Italian, Pizza, Coffee, Fast Food']",/jaipur/decked-up-by-garden-cafe-vaishali-nagar/info
RJ 14 EP,"Tonk Road, Jaipur",4.1,"₹1,000 for two","['North Indian, Fast Food, South Indian']",/jaipur/rj-14-ep-tonk-road/info
Rosado,"Vaishali Nagar, Jaipur",4.4,"₹3,500 for two","['North Indian, Mughlai, Chinese, Continental, Korean, Asian, Beverages']",/jaipur/rosado-vaishali-nagar/info
PACHA,"Sodala, Jaipur",3.8,"₹2,200 for two","['Continental, Chinese, Mediterranean, Asian, North Indian, Desserts, Alcoholic Beverages, Beverages']",/jaipur/pacha-sodala/info
Khameer by BUR'dera,"Durgapura, Jaipur",4.5,"₹1,500 for two","['Continental, Bakery, Italian, Desserts, European, Mexican, American, Mediterranean']",/jaipur/khameer-by-burdera-durgapura/info
Take It Easy Restaurant & Cafe,"Vaishali Nagar, Jaipur",4.4,"₹1,000 for two","['North Indian, Oriental, Italian, Chinese, Pasta, Pizza, Sandwich, Beverages']",/jaipur/take-it-easy-restaurant-cafe-vaishali-nagar/info
The Eatery - Four Points By Sheraton,"Tonk Road, Jaipur",4.1,"₹2,500 for two","['North Indian, Continental, Chinese, Fast Food, Desserts, Beverages, Italian, Modern Indian']",/jaipur/the-eatery-four-points-by-sheraton-tonk-road/info
Shikaar Bagh,"Narayan Singh Circle, Jaipur",3.6,"₹2,500 for two","['Continental, North Indian']",/jaipur/shikaar-bagh-narayan-singh-circle/info
TGIH - Thank God It's Healthy!,"Gopalbari, Jaipur",4.4,"₹1,000 for two","['Rolls, African, Sandwich, Beverages']",/jaipur/tgih-thank-god-its-healthy-gopalbari/info
1135 AD,"Amer, Jaipur",4.1,"₹3,700 for two","['North Indian, Mughlai, Rajasthani, Desserts, Beverages']",/jaipur/1135-ad-amer/info
Bootleggers Lounge & Kitchen,"Vaishali Nagar, Jaipur",4.6,"₹1,400 for two","['North Indian, Continental, Italian, Chinese, Pizza, Sandwich']",/jaipur/bootleggers-lounge-kitchen-vaishali-nagar/info
Tarkash,"Jagatpura, Jaipur",4.3,"₹1,800 for two","['Continental, Mexican, Fast Food']",/jaipur/tarkash-1-jagatpura/info
Mercury Lounge & Rooftop,"Durgapura, Jaipur",4.3,"₹2,000 for two","['North Indian, Continental, Italian, Kebab, Chinese, Oriental, Desserts, Beverages']",/jaipur/mercury-lounge-rooftop-durgapura/info
Little Italy,"Vaishali Nagar, Jaipur",4.4,"₹1,400 for two","['Italian, Pizza, Pasta, Continental, Desserts, Healthy Food, Beverages']",/jaipur/little-italy-1-vaishali-nagar/info
Dana Pani Elite,"Malviya Nagar, Jaipur",4.1,"₹3,500 for two","['North Indian, South Indian, Chinese, Continental, Fast Food, Desserts, Beverages, Tea']",/jaipur/dana-pani-elite-malviya-nagar/info
The Library,"Malviya Nagar, Jaipur",4.8,"₹1,800 for two","['Tamil, South Indian, Beverages']",/jaipur/the-library-malviya-nagar/info
The Robot Restaurant - The Yellow House,"MI Road, Jaipur",New,"₹1,200 for two","['North Indian, Chinese, Italian, Fast Food, Pizza, Continental']",/jaipur/the-robot-restaurant-the-yellow-house-mi-road/info
Opera,"C Scheme, Jaipur",4.5,"₹1,000 for two","['Pizza, Pasta, Continental, Coffee, Mexican, Cafe, Shake, Beverages']",/jaipur/opera-c-scheme/info
Dilli Cantt The Punjabi Kitchen By Chawla's,"DCM, Jaipur",4.4,"₹1,200 for two","['North Indian, Continental, Asian']",/jaipur/dilli-cantt-the-punjabi-kitchen-by-chawlas-dcm/info
Meraaki Kitchen,"Civil Lines, Jaipur",4.7,"₹2,000 for two","['Asian, Sushi, Chinese, North Indian, Italian, Mexican, Desserts, Beverages']",/jaipur/meraaki-kitchen-civil-lines/info
Thali And More,"Jagatpura, Jaipur",4.5,"₹1,600 for two","['North Indian, Continental, Fast Food, Street Food, Rajasthani, Shake, Desserts, Beverages']",/jaipur/thali-and-more-jagatpura/info
La - Venezia,"Mansarovar, Jaipur",4.5,"₹1,500 for two","['North Indian, Kebab, Chinese, Biryani, Italian, Continental, Salad, Desserts']",/jaipur/la-venezia-mansarovar/info
Rustic By OTH,"Malviya Nagar, Jaipur",4.6,"₹1,800 for two","['North Indian, Continental, Pizza, Pasta, Fast Food, Bakery, Desserts, Beverages']",/jaipur/rustic-by-oth-malviya-nagar/info
Rajrasa By Chef Saurabh,"Amer Road, Jaipur",4.5,"₹1,200 for two","['Rajasthani, Beverages, Desserts, Mughlai']",/jaipur/rajrasa-by-chef-saurabh-amer-road/info
Oslo,"Durgapura, Jaipur",4.5,"₹1,500 for two","['North Indian, Chinese, Salad, Continental, Oriental, Pizza, Biryani, Desserts']",/jaipur/oslo-durgapura/info
Mayanagri Coffee House,"Malviya Nagar, Jaipur",4.5,"₹2,000 for two","['Cafe, North Indian, South Indian, Fast Food, Chinese, Sushi, Desserts, Beverages']",/jaipur/mayanagri-coffee-house-malviya-nagar/info
Namo Restro,"Malviya Nagar, Jaipur",3.1,₹750 for two,"['Cafe, Coffee, South Indian, Italian, Continental, Chinese, Desserts, Beverages']",/jaipur/namo-restro-malviya-nagar/info
Napoli Pizzeria & Bistro,"C Scheme, Jaipur",4.4,"₹1,200 for two","['Pizza, Italian, Beverages, Fast Food, Desserts, Coffee']",/jaipur/napoli-pizzeria-bistro-c-scheme/info
The Forresta Kitchen & Bar,"Bani Park, Jaipur",4.1,"₹1,900 for two","['North Indian, Chinese, South Indian, Pizza, Pasta, Bar Food, Desserts, Beverages']",/jaipur/the-forresta-kitchen-bar-bani-park/info
Topaz,"Ajmer Highway, Jaipur",4.6,"₹1,600 for two","['North Indian, Modern Indian, Salad, Pizza, Pasta, Beverages']",/jaipur/topaz-12-ajmer-highway/info
Peepal,"C Scheme, Jaipur",4.3,"₹1,200 for two","['Japanese, Italian, North Indian, Desserts']",/jaipur/peepal-c-scheme/info
The Night Jar Cocktail Room,"Malviya Nagar, Jaipur",4.6,"₹2,500 for two","['Asian, Lebanese, North Indian, Italian, Continental, Mexican, Fast Food, Alcoholic Beverages']",/jaipur/the-night-jar-cocktail-room-malviya-nagar/info
Carolina - The Luminary Lounge,"Jagatpura, Jaipur",4.6,"₹1,400 for two","['North Indian, Chinese, Fast Food, Sandwich, Pizza, Desserts']",/jaipur/carolina-the-luminary-lounge-jagatpura/info
Kaleidoscope,"C Scheme, Jaipur",4.2,"₹2,000 for two","['Cafe, North Indian, Italian, Chinese, Fast Food, Desserts, Beverages']",/jaipur/kaleidoscope-c-scheme/info
Nandi,"Vaishali Nagar, Jaipur",New,₹850 for two,"['South Indian, North Indian, Rajasthani']",/jaipur/nandi-vaishali-nagar/info
SambharSa - Chasing Flavours Of The South,"Vaishali Nagar, Jaipur",4.4,₹650 for two,"['South Indian, African, Beverages']",/jaipur/sambharsa-chasing-flavours-of-the-south-vaishali-nagar/info
The Burj,"Durgapura, Jaipur",4.2,₹700 for two,"['North Indian, Continental, Chinese']",/jaipur/the-burj-durgapura/info
Baradari - City Palace,"Pink City, Jaipur",4.0,"₹3,000 for two","['Italian, Continental, North Indian, Desserts, Beverages']",/jaipur/baradari-city-palace-pink-city/info
Carbon,"C Scheme, Jaipur",4.5,"₹1,500 for two","['Cafe, Coffee, Salad, Italian, Bakery, Continental, Alcoholic Beverages, Beverages']",/jaipur/carbon-c-scheme/info
Zulu Lounge & Club Jaipur,"Vaishali Nagar, Jaipur",New,"₹1,200 for two","['North Indian, Chinese, Sandwich, Fast Food, South Indian, Biryani, Pizza, Healthy Food']",/jaipur/zulu-lounge-club-jaipur-vaishali-nagar/info
Brot Company,"Civil Lines, Jaipur",4.5,"₹1,200 for two","['Bakery, Pizza, Italian, Asian']",/jaipur/brot-company-civil-lines/info
Tapri - The Tea House,"C Scheme, Jaipur",4.4,"₹1,000 for two","['Cafe, Tea']",/jaipur/tapri-the-tea-house-c-scheme/info
Midnight Vegas,"Malviya Nagar, Jaipur",4.2,"₹2,100 for two","['North Indian, Continental, Chinese, Italian, Biryani, Desserts']",/jaipur/midnight-vegas-malviya-nagar/info
The Roots,"C Scheme, Jaipur",4.4,₹700 for two,"['Chinese, North Indian, Continental, Sandwich, Cafe, Beverages, Pasta, Desserts']",/jaipur/the-roots-c-scheme/info
The Messy Door Cafe,"Shastri Nagar, Jaipur",4.4,₹700 for two,"['Healthy Food, Italian, Mexican, Chinese, Beverages, Desserts, Bubble Tea, Shake']",/jaipur/the-messy-door-cafe-shastri-nagar/info
Brews & Bloom,"C Scheme, Jaipur",4.5,₹700 for two,"['Coffee, Tea, Shake, Juices, Beverages']",/jaipur/brews-bloom-c-scheme/info
Doorbeen Restaurant,"Tonk Road, Jaipur",4.3,"₹1,000 for two","['North Indian, Chinese, Mexican, Italian, Continental, Mongolian, Beverages, Desserts']",/jaipur/doorbeen-restaurant-tonk-road/info
Tea Connect Cafe,"Mansarovar, Jaipur",4.2,₹500 for two,"['Fast Food, Street Food, Chinese, Desserts, Beverages']",/jaipur/tea-connect-cafe-mansarovar/info
Piante - Kitchen & Bar,"Raja Park, Jaipur",4.3,"₹1,400 for two","['Italian, Continental, North Indian, Sushi, Oriental, Fast Food, Chinese, Beverages']",/jaipur/piante-kitchen-bar-raja-park/info
Café Bae,"Bais Godam, Jaipur",4.6,"₹2,400 for two","['Cafe, Bakery, Continental, Oriental, Mexican, Healthy Food, Desserts, Beverages']",/jaipur/café-bae-bais-godam/info
Bleu Ocean Bar,"Ajmer Highway, Jaipur",4.8,"₹2,000 for two","['Bar Food, North Indian, Chinese, Pizza, Beverages']",/jaipur/bleu-ocean-bar-ajmer-highway/info
GGopala Restaurant,"Malviya Nagar, Jaipur",3.8,"₹1,100 for two","['Chinese, North Indian, Continental, Italian, Desserts, Beverages']",/jaipur/ggopala-restaurant-malviya-nagar/info
Shrot - Hyatt Regency,"Mansarovar, Jaipur",4.3,"₹3,500 for two","['North Indian, Rajasthani, Beverages, Continental, Desserts']",/jaipur/shrot-hyatt-regency-mansarovar/info
Suvarna Mahal - Rambagh Palace,"C Scheme, Jaipur",4.6,"₹8,500 for two","['North Indian, Awadhi, Hyderabadi, Desserts']",/jaipur/suvarna-mahal-rambagh-palace-c-scheme/info
JAGMAG,"Chitrakoot, Jaipur",New,"₹1,100 for two","['North Indian, Asian, Chinese, Continental, South Indian']",/jaipur/jagmag-chitrakoot/info
Fort Palms,"Vaishali Nagar, Jaipur",4.1,₹800 for two,['North Indian'],/jaipur/fort-palms-1-vaishali-nagar/info
Gree Ca Cafe,"C Scheme, Jaipur",4.5,₹600 for two,"['Cafe, Coffee, Beverages, Pizza, Pasta, North Indian']",/jaipur/gree-ca-cafe-c-scheme/info
Nest by Noir at Bird Park,"Shastri Nagar, Jaipur",4.6,"₹1,000 for two","['Pizza, Cafe, Coffee']",/jaipur/nest-by-noir-at-bird-park-shastri-nagar/info
Skyza,"C Scheme, Jaipur",4.2,"₹2,000 for two","['North Indian, Mughlai, Italian, Chinese, Continental, Desserts, Beverages']",/jaipur/skyza-c-scheme/info
Beyond Roofhaus,"Sodala, Jaipur",New,"₹1,500 for two","['Asian, North Indian, Chinese, Bar Food, Desserts, Beverages, Pizza, Pasta']",/jaipur/beyond-roofhaus-sodala/info
Gulab Garh,"Mansarovar, Jaipur",4.0,"₹1,400 for two","['Rajasthani, North Indian']",/jaipur/gulab-garh-mansarovar/info
Taffeta Coffee,"Tonk Road, Jaipur",4.1,"₹1,000 for two","['Cafe, Coffee, Shake, Beverages']",/jaipur/taffeta-coffee-1-tonk-road/info
Dhabha Stories,"Jagatpura, Jaipur",4.3,"₹1,000 for two","['North Indian, Chinese, Beverages']",/jaipur/dhabha-stories-2-jagatpura/info
TAO - Asian Kitchen,"Malviya Nagar, Jaipur",4.6,"₹2,500 for two","['Korean, Chinese, Sushi, Japanese, Asian, Oriental, Desserts, Beverages']",/jaipur/tao-asian-kitchen-malviya-nagar/info
The Gut Feeling,"C Scheme, Jaipur",4.5,₹650 for two,"['Bakery, Desserts, Healthy Food, Beverages']",/jaipur/the-gut-feeling-c-scheme/info
Zoya - Fairmont Jaipur,"Kukas, Jaipur",4.6,"₹4,000 for two","['North Indian, Rajasthani, Continental, Beverages']",/jaipur/zoya-fairmont-jaipur-kukas/info
Pakwaan - Candlelight Dinner Restaurant,"Shastri Nagar, Jaipur",4.5,"₹1,800 for two","['North Indian, Chinese, Fast Food, Biryani, Desserts, Beverages']",/jaipur/pakwaan-candlelight-dinner-restaurant-shastri-nagar/info
Sultanat By Fort,"Malviya Nagar, Jaipur",4.3,"₹1,500 for two","['North Indian, Chinese, Continental, Italian, Fast Food, Desserts, Beverages']",/jaipur/sultanat-by-fort-malviya-nagar/info
Spice Court,"Civil Lines, Jaipur",4.3,"₹1,700 for two","['Rajasthani, North Indian, Chinese, Continental, Biryani, Desserts, Beverages']",/jaipur/spice-court-civil-lines/info
Okra - Jaipur Marriott Hotel,"Durgapura, Jaipur",4.4,"₹4,000 for two","['North Indian, Asian, Chinese, Rajasthani, Mughlai, Continental, Desserts, Beverages']",/jaipur/okra-jaipur-marriott-hotel-durgapura/info
Jal Mahal - ITC Rajputana Hotel,"Gopalbari, Jaipur",4.4,"₹4,000 for two","['North Indian, Chinese, Continental']",/jaipur/jal-mahal-itc-rajputana-hotel-gopalbari/info
Mossimo Bar Lounge,"MI Road, Jaipur",4.3,"₹2,000 for two","['Italian, Chinese, Asian, Pizza, Shake, Salad, Coffee']",/jaipur/mossimo-bar-lounge-mi-road/info
Native Cocktail Room,"Gopalbari, Jaipur",4.3,"₹2,500 for two","['Asian, Oriental, European, Italian, Finger Food, Beverages']",/jaipur/native-cocktail-room-gopalbari/info
Tokio,"Lal Kothi, Jaipur",4.0,"₹1,200 for two","['North Indian, Mexican, Continental, Asian, Bar Food, Chinese, Italian, Finger Food']",/jaipur/tokio-lal-kothi/info
Coco- Coffee & Company,"Bani Park, Jaipur",4.5,₹500 for two,"['North Indian, Pizza, Fast Food, Desserts, Coffee, Beverages']",/jaipur/coco-coffee-company-bani-park/info
ZING - World of Flavours,"Malviya Nagar, Jaipur",4.4,"₹2,700 for two","['North Indian, South Indian, Chinese, Fast Food, Desserts, Beverages']",/jaipur/zing-world-of-flavours-1-malviya-nagar/info
Silk Route,"MI Road, Jaipur",4.6,"₹1,500 for two","['Desserts, Beverages, Asian, Chinese, Sushi, North Indian']",/jaipur/silk-route-mi-road/info
Twenty One Bar and Cafe - Fairfield by Marriott Jaipur,"Bani Park, Jaipur",4.9,"₹2,800 for two","['North Indian, South Indian, Italian, Asian, Biryani, Desserts, Beverages']",/jaipur/twenty-one-bar-and-cafe-fairfield-by-marriott-jaipur-bani-park/info
Starbucks Coffee,"C Scheme, Jaipur",4.4,₹900 for two,"['Fast Food, Desserts, Cafe, Beverages, Coffee']",/jaipur/starbucks-coffee-1-c-scheme/info
J Brew & Kitchen,"C Scheme, Jaipur",4.3,"₹1,500 for two","['Beverages, Biryani, Chinese, Fast Food, North Indian, Sandwich, Continental, Indo-Chinese']",/jaipur/j-brew-kitchen-c-scheme/info
Bellissimo Home Cafe,"Vaishali Nagar, Jaipur",4.3,"₹1,000 for two","['Cafe, Coffee, Fast Food, Pizza, Italian, Desserts, Beverages']",/jaipur/bellissimo-home-cafe-vaishali-nagar/info
Banana Leaf,"C Scheme, Jaipur",4.4,"₹1,400 for two","['South Indian, North Indian, Beverages']",/jaipur/banana-leaf-c-scheme/info
Barista Coffee,"C Scheme, Jaipur",4.3,₹700 for two,"['Cafe, Coffee, Desserts']",/jaipur/barista-coffee-c-scheme/info
Thirsty Camel,"Gopalbari, Jaipur",4.3,"₹1,000 for two","['North Indian, Mexican, Italian, Bar Food, Continental, American, Alcoholic Beverages, Desserts']",/jaipur/thirsty-camel-gopalbari/info
Alora Cafe & Patisserie,"Malviya Nagar, Jaipur",4.4,"₹1,100 for two","['Cafe, Coffee, Shake, Beverages, Burger, Fast Food, Chinese, Desserts']",/jaipur/alora-cafe-patisserie-malviya-nagar/info
Petite Patisserie,"Lal Kothi, Jaipur",4.2,₹300 for two,['Bakery'],/jaipur/petite-patisserie-lal-kothi/info
La Multigrain,"Malviya Nagar, Jaipur",4.3,"₹1,600 for two","['Chinese, North Indian, Salad, Continental, Italian, Fast Food, Desserts, Beverages']",/jaipur/la-multigrain-1-malviya-nagar/info
Brot Co. 24/7,"Vaishali Nagar, Jaipur",4.1,"₹2,000 for two","['Continental, Italian, Asian, Salad, Fast Food, Desserts, Coffee, Beverages']",/jaipur/brot-co-24-7-vaishali-nagar/info
Bubblier,"Vaishali Nagar, Jaipur",4.1,"₹1,000 for two","['Bubble Tea, Cafe']",/jaipur/bubblier-vaishali-nagar/info
Dorothea,"Jagatpura, Jaipur",4.5,"₹1,500 for two","['North Indian, Asian, Continental, Italian, Bar Food, Cafe, Lebanese']",/jaipur/dorothea-jagatpura/info
Kafeholic,"Malviya Nagar, Jaipur",4.6,₹350 for two,"['Sandwich, African, Wraps']",/jaipur/kafeholic-malviya-nagar/info
DMB Restaurant,"Bani Park, Jaipur",4.3,"₹1,200 for two","['North Indian, South Indian, Continental, Pizza, Italian, Chinese, Desserts, Beverages']",/jaipur/dmb-restaurant-1-bani-park/info
Aravalli dining room,"Kukas, Jaipur",4.6,"₹4,800 for two","['North Indian, Asian, Continental']",/jaipur/aravalli-dining-room-kukas/info
Sky Beach,"Vaishali Nagar, Jaipur",3.9,"₹2,600 for two","['Continental, Italian, Mexican, North Indian, Chinese, Fast Food, Shake, Beverages']",/jaipur/sky-beach-vaishali-nagar/info
Gnocchi Kitchen And Bar,"Shastri Nagar, Jaipur",3.5,"₹1,000 for two","['Italian, Pasta, Pizza']",/jaipur/gnocchi-kitchen-and-bar-shastri-nagar/info
Rangoon Coffee Brewery,"C Scheme, Jaipur",4.5,₹500 for two,"['Coffee, Cafe, Continental, Sandwich, Pizza, Desserts, Beverages']",/jaipur/rangoon-coffee-brewery-c-scheme/info
Vaishali Veg Inn,"Vaishali Nagar, Jaipur",4.4,"₹1,100 for two","['North Indian, Chinese, Italian, Pizza, Fast Food, Desserts, Shake, Beverages']",/jaipur/vaishali-veg-inn-vaishali-nagar/info
Bada Sa'ab,"Kukas, Jaipur",4.5,"₹1,700 for two","['North Indian, Pizza, Continental']",/jaipur/bada-saab-kukas/info
Sheesh Mahal Bar -  ITC Rajputana Hotel,"Gopalbari, Jaipur",4.5,"₹5,000 for two","['Finger Food, Drinks Only']",/jaipur/sheesh-mahal-bar-itc-rajputana-hotel-gopalbari/info
WOW! Momo,"Gopalpura, Jaipur",4.0,₹300 for two,"['Momos, Tibetan, Sichuan, Fast Food, Beverages']",/jaipur/wow-momo-gopalpura/info
WOW! China,"Mansarovar, Jaipur",4.1,₹300 for two,"['Chinese, Oriental, Asian, Sichuan, Beverages']",/jaipur/wow-china-mansarovar/info
Brown Sugar,"Vaishali Nagar, Jaipur",4.5,₹500 for two,"['Bakery, Desserts, Italian, Coffee, Pizza, Sandwich, Beverages, Cafe']",/jaipur/brown-sugar-vaishali-nagar/info
Cafe Bluez,"Vidhyadhar Nagar, Jaipur",4.3,₹550 for two,"['North Indian, Fast Food, Chinese']",/jaipur/cafe-bluez-vidhyadhar-nagar/info
Noir Coffee House,"MI Road, Jaipur",4.4,₹700 for two,"['Cafe, Coffee, Beverages, Fast Food, Asian, Salad, Burger']",/jaipur/noir-coffee-house-mi-road/info
Rawat Mishthan Bhandar,"Sodala, Jaipur",3.4,₹400 for two,"['Mithai, North Indian, South Indian, Bakery, Rajasthani, Fast Food, Street Food, Beverages']",/jaipur/rawat-mishthan-bhandar-1-sodala/info
Monarch Restaurant - Holiday Inn Jaipur City Centre,"Bais Godam, Jaipur",4.3,"₹3,000 for two","['North Indian, Chinese, Continental, Beverages, Shake, Desserts']",/jaipur/monarch-restaurant-holiday-inn-jaipur-city-centre-bais-godam/info
Brewlicious,"C Scheme, Jaipur",4.1,"₹1,800 for two","['North Indian, Chinese, Continental, Italian, Biryani, Ice Cream, Shake, Beverages']",/jaipur/brewlicious-4-c-scheme/info
Code Black Jaipur,"Malviya Nagar, Jaipur",4.2,"₹1,200 for two","['North Indian, Fast Food, Chinese, Italian, Pizza, Pasta, Desserts, Beverages']",/jaipur/code-black-jaipur-malviya-nagar/info
Town Coffee,"Malviya Nagar, Jaipur",4.7,₹950 for two,"['Cafe, Coffee, Continental, American, Fast Food, Desserts, Shake, Beverages']",/jaipur/town-coffee-malviya-nagar/info
Roastery Coffee House,"C Scheme, Jaipur",4.6,₹850 for two,"['Cafe, Coffee, Pizza, Burger, Pasta, Italian, Continental, Desserts']",/jaipur/roastery-coffee-house-c-scheme/info
Chhabra's | Old Townn,"Malviya Nagar, Jaipur",4.5,"₹1,400 for two","['North Indian, Pizza, Italian, Pasta, Chinese, Desserts, Coffee, Beverages']",/jaipur/chhabras-old-townn-malviya-nagar/info
Barbeque Nation,"Tonk Road, Jaipur",4.7,"₹1,800 for two","['North Indian, BBQ, Kebab, Biryani']",/jaipur/barbeque-nation-tonk-road/info
Four Seasons,"C Scheme, Jaipur",4.1,"₹1,300 for two","['Rajasthani, North Indian, South Indian, Chinese, Italian, Mexican, Desserts, Beverages']",/jaipur/four-seasons-c-scheme/info
Brijman Dhaba,"Chitrakoot, Jaipur",4.3,₹600 for two,"['North Indian, Chinese, Italian, Fast Food, Shake, Tea, Beverages']",/jaipur/brijman-dhaba-1-chitrakoot/info
Zeest - Sky Bar & Lounge,"Malviya Nagar, Jaipur",4.4,"₹2,700 for two","['Bar Food, North Indian, Chinese, Healthy Food, Fast Food']",/jaipur/zeest-sky-bar-lounge-malviya-nagar/info
Krystal Bar - Hilton Jaipur,"Bais Godam, Jaipur",4.6,"₹2,900 for two",['Finger Food'],/jaipur/krystal-bar-hilton-jaipur-bais-godam/info
Talk Of The Town,"Jagatpura, Jaipur",4.0,"₹1,000 for two","['Mughlai, Biryani, North Indian, Rolls']",/jaipur/talk-of-the-town-jagatpura/info
Nebulae - Hilton,"Bais Godam, Jaipur",4.6,"₹3,500 for two","['Italian, Asian, North Indian, Biryani, Continental, Chinese, Desserts']",/jaipur/nebulae-hilton-bais-godam/info
Rasa,"Bani Park, Jaipur",4.1,"₹3,000 for two","['North Indian, Mughlai, Beverages, Coffee']",/jaipur/rasa-bani-park/info
Sitara - Holiday Inn Express And Suites,"Gopalpura, Jaipur",4.3,"₹1,600 for two","['North Indian, Chinese, Italian, Continental, BBQ, Asian']",/jaipur/sitara-holiday-inn-express-and-suites-gopalpura/info
Chaandi - Hilton Jaipur,"Bais Godam, Jaipur",4.6,"₹3,500 for two","['North Indian, Mughlai, Rajasthani, Desserts, Beverages, Alcoholic Beverages']",/jaipur/chaandi-hilton-jaipur-bais-godam/info
Chao Chinese Bistro - Holiday Inn Jaipur City Centre,"Bais Godam, Jaipur",4.5,"₹3,500 for two","['Chinese, Asian, Thai, Finger Food, Seafood, Beverages']",/jaipur/chao-chinese-bistro-holiday-inn-jaipur-city-centre-bais-godam/info
Miami - Club & Lounge,"Vaishali Nagar, Jaipur",4.0,"₹2,300 for two","['Bar Food, North Indian, Fast Food']",/jaipur/miami-club-lounge-vaishali-nagar/info
The Verandah - Rambagh Palace,"C Scheme, Jaipur",4.6,"₹5,000 for two","['North Indian, Continental, Desserts']",/jaipur/the-verandah-rambagh-palace-c-scheme/info
Delhi 6 - Kebabs & Curries,"C Scheme, Jaipur",4.0,"₹1,000 for two","['North Indian, Mughlai, Kebab']",/jaipur/delhi-6-kebabs-curries-c-scheme/info
Chai Pal,"Sitapur, Jaipur",3.3,₹200 for two,"['Tea, North Indian, Fast Food']",/jaipur/chai-pal-sitapur/info
Chinese Wok,"Jagatpura, Jaipur",3.9,₹700 for two,"['Chinese, Momos, Asian, Indo-Chinese, Japanese, Vietnamese, Street Food, Sichuan']",/jaipur/chinese-wok-jagatpura/info
Zolocrust - Hotel Clarks Amer,"Malviya Nagar, Jaipur",4.9,"₹1,800 for two","['Italian, Desserts, Cafe, Asian, Continental, Fast Food, Beverages']",/jaipur/zolocrust-hotel-clarks-amer-malviya-nagar/info
Khandelwal dhaba (sikar road waale),"Lal Kothi, Jaipur",4.1,"₹1,300 for two","['North Indian, Chinese, Continental']",/jaipur/khandelwal-dhaba-sikar-road-waale-lal-kothi/info
Brewtown,"C Scheme, Jaipur",4.4,₹850 for two,"['Salad, Fast Food, Wraps, Sandwich, Waffle, Healthy Food, Beverages']",/jaipur/brewtown-c-scheme/info
Mosaic - Radisson Jaipur City Center,"MI Road, Jaipur",4.2,"₹2,800 for two","['Continental, Fast Food, Asian, North Indian, Beverages, Desserts, Afghan']",/jaipur/mosaic-radisson-jaipur-city-center-mi-road/info
Brewtopia Coffee,"Vaishali Nagar, Jaipur",4.5,"₹1,000 for two","['Coffee, Mexican, Rolls, Fast Food']",/jaipur/brewtopia-coffee-vaishali-nagar/info
Mahal Makhan Bhog,"Jagatpura, Jaipur",4.5,"₹1,200 for two","['North Indian, Street Food, Desserts, Beverages, South Indian, Chinese, Rajasthani']",/jaipur/mahal-makhan-bhog-jagatpura/info
Amritsarr Kitchen & Bar,"DCM, Jaipur",3.7,"₹1,000 for two","['North Indian, Continental, Chinese, Italian, Bar Food, Desserts']",/jaipur/amritsarr-kitchen-bar-dcm/info
Coffee sutra,"Malviya Nagar, Jaipur",4.5,₹650 for two,"['Cafe, Coffee, Continental, Fast Food, Desserts, Beverages']",/jaipur/coffee-sutra-1-malviya-nagar/info
Brewing Bliss,"Pratap Nagar, Jaipur",4.4,₹300 for two,"['Coffee, Tea, Shake, Fast Food, Beverages']",/jaipur/brewing-bliss-pratap-nagar/info
KA10 Kitchen,"Raja Park, Jaipur",4.5,"₹1,000 for two","['South Indian, North Indian, Chinese, Rolls, Fast Food, Desserts, Beverages']",/jaipur/ka10-kitchen-raja-park/info
Mezaza - The Fusion Lounge,"Mansarovar, Jaipur",4.1,"₹1,000 for two","['North Indian, Italian, Chinese']",/jaipur/mezaza-the-fusion-lounge-mansarovar/info
Osaka,"Malviya Nagar, Jaipur",New,"₹2,400 for two","['Asian, North Indian, Chinese, Sandwich, Pizza, Continental, Sushi, Pasta']",/jaipur/osaka-malviya-nagar/info
Rominus Pizza And Burger,"Raja Park, Jaipur",3.7,₹500 for two,"['Pizza, Burger, Pasta, Fast Food']",/jaipur/rominus-pizza-and-burger-raja-park/info
Vista 20 - Fairfield by Marriott,"Pratap Nagar, Jaipur",4.1,"₹1,500 for two","['North Indian, Pizza, South Indian']",/jaipur/vista-20-fairfield-by-marriott-pratap-nagar/info
Bombaye House,"Malviya Nagar, Jaipur",4.4,₹700 for two,"['Cafe, Beverages, Continental, South Indian, Street Food, Fast Food']",/jaipur/bombaye-house-malviya-nagar/info
TGIB : The Grand Indian Buffet,"Vaishali Nagar, Jaipur",4.0,"₹1,000 for two","['Rajasthani, North Indian, Chinese, Fast Food, Desserts, Beverages']",/jaipur/tgib-the-grand-indian-buffet-vaishali-nagar/info
Jolly Farm,"Malviya Nagar, Jaipur",3.7,₹500 for two,"['Healthy Food, Fast Food, Continental, Mexican, North Indian, Juices']",/jaipur/jolly-farm-malviya-nagar/info
Cafe Light by Lighthouse,"Gopalpura, Jaipur",4.6,₹350 for two,"['Italian, Beverages, Coffee, Pizza, Sandwich']",/jaipur/cafe-light-by-lighthouse-gopalpura/info
Theobroma,"Vaishali Nagar, Jaipur",3.7,₹500 for two,"['Bakery, Desserts, Beverages']",/jaipur/theobroma-vaishali-nagar/info
Rustic - Inspired Kitchen,"C Scheme, Jaipur",4.3,"₹1,000 for two","['North Indian, Kebab, Mughlai, Biryani, Desserts, Shake, Beverages']",/jaipur/rustic-inspired-kitchen-c-scheme/info
Govindam Sweets,"Pink City, Jaipur",4.2,₹600 for two,"['Mithai, North Indian, Fast Food']",/jaipur/govindam-sweets-pink-city/info
Jharokha Lounge & Bar - The Leela Palace,"Kukas, Jaipur",4.0,"₹5,100 for two","['Bar Food, Beverages, Tea, Coffee']",/jaipur/jharokha-lounge-bar-the-leela-palace-kukas/info
4 The Taste,"Mansarovar, Jaipur",3.8,₹700 for two,"['North Indian, Chinese, Fast Food, Beverages']",/jaipur/4-the-taste-mansarovar/info
The Rope & Roast,"C Scheme, Jaipur",4.3,"₹1,500 for two","['Fast Food, Coffee, Continental']",/jaipur/the-rope-roast-c-scheme/info
Kaefin Coffee,"Malviya Nagar, Jaipur",4.4,₹700 for two,"['Coffee, Cafe, Pizza, Sandwich, Fast Food, Chinese, Bakery, Beverages']",/jaipur/kaefin-coffee-malviya-nagar/info
Silly Kanteen,"Gopalbari, Jaipur",New,"₹1,000 for two","['North Indian, Continental, Bar Food']",/jaipur/silly-kanteen-1-gopalbari/info
The Big Tree,"Ajmer Highway, Jaipur",4.5,"₹1,600 for two","['North Indian, Chinese, Fast Food, Pizza, Italian, Continental, Cafe']",/jaipur/the-big-tree-ajmer-highway/info
Mykonos Breeze,"Mansarovar, Jaipur",4.2,"₹1,000 for two","['North Indian, Chinese, Fast Food, Tea, Coffee, Beverages']",/jaipur/mykonos-breeze-mansarovar/info
Jaipur Bakers,"Jhotwara, Jaipur",3.7,₹250 for two,"['Street Food, Fast Food, South Indian, Chinese, Sandwich, Desserts, Beverages']",/jaipur/jaipur-bakers-jhotwara/info
Jeypore,"Malviya Nagar, Jaipur",New,₹900 for two,"['North Indian, Chinese, South Indian']",/jaipur/jeypore-malviya-nagar/info
Food Exchange - Novotel Jaipur Convention Centre,"Sitapur, Jaipur",4.8,"₹1,500 for two","['Chinese, Continental']",/jaipur/food-exchange-novotel-jaipur-convention-centre-sitapur/info
Zarpar,"Malviya Nagar, Jaipur",4.3,"₹1,300 for two","['Kashmiri, Mughlai, Biryani, Desserts, Beverages']",/jaipur/zarpar-malviya-nagar/info
Zoya By Fort,"Malviya Nagar, Jaipur",4.4,"₹1,500 for two","['North Indian, Chinese, Continental, Italian, Fast Food, Desserts, Beverages']",/jaipur/zoya-by-fort-malviya-nagar/info
Cheesy Crazy Cafe,"Pratap Nagar, Jaipur",4.1,₹600 for two,"['Pizza, Burger, Sandwich, Coffee, Chinese, Shake, Pasta, Desserts']",/jaipur/cheesy-crazy-cafe-pratap-nagar/info
DosaBae,"Raja Park, Jaipur",3.9,₹350 for two,"['Fast Food, South Indian, North Indian']",/jaipur/dosabae-raja-park/info
Namo Restro,"Vidhyadhar Nagar, Jaipur",3.5,₹450 for two,"['Cafe, Coffee, Chinese, Pizza, Sandwich, Continental, Shake, Beverages']",/jaipur/namo-restro-vidhyadhar-nagar/info
Cafesa Coffee House,"Shyam Nagar, Jaipur",4.2,"₹1,000 for two","['Cafe, Coffee, North Indian, Mexican, Continental, Pizza, Desserts, Beverages']",/jaipur/cafesa-coffee-house-shyam-nagar/info
Zarza Club & Terrace,"Bais Godam, Jaipur",4.1,"₹1,200 for two","['North Indian, Continental, Chinese, Pizza, Pasta, Fast Food, Biryani, Desserts']",/jaipur/zarza-club-terrace-bais-godam/info
Peacock Restaurant,"Ajmer Highway, Jaipur",3.9,"₹1,000 for two","['North Indian, Pizza, Chinese, Beverages, Seafood, Desserts']",/jaipur/peacock-restaurant-ajmer-highway/info
Bento B,"C Scheme, Jaipur",New,"₹1,500 for two",['Japanese'],/jaipur/bento-b-c-scheme/info
Chhabra's Pure Veg,"Mansarovar, Jaipur",4.5,₹550 for two,['North Indian'],/jaipur/chhabras-pure-veg-mansarovar/info
AZIRA | FINE DINE - ROOFTOP - BANQUET,"Sitapur, Jaipur",4.5,₹700 for two,"['North Indian, Burger, Pasta']",/jaipur/azira-fine-dine-rooftop-banquet-sitapur/info
Socorro - InterContinental Jaipur,"Sitapur, Jaipur",4.6,"₹2,200 for two","['North Indian, Fast Food, Continental, Italian, Desserts, Beverages']",/jaipur/socorro-intercontinental-jaipur-sitapur/info
The Coffee Cartel,"Malviya Nagar, Jaipur",4.7,₹700 for two,"['Cafe, Coffee, Pizza, Shake, Italian, Continental, Fast Food, Beverages']",/jaipur/the-coffee-cartel-malviya-nagar/info
STOA,"Ajmer Highway, Jaipur",4.2,"₹1,000 for two","['Chinese, Continental, North Indian, Beverages, Biryani, Alcoholic Beverages, Italian, Fast Food']",/jaipur/stoa-ajmer-highway/info
Pinch Of Salt,"Durgapura, Jaipur",4.2,₹700 for two,"['Chinese, North Indian, Street Food, Fast Food, Italian, Desserts']",/jaipur/pinch-of-salt-durgapura/info
The Night Garden,"Vaishali Nagar, Jaipur",-,"₹1,300 for two","['North Indian, Chinese, Italian, Mexican, Fast Food, Pizza, Beverages']",/jaipur/the-night-garden-vaishali-nagar/info
De' Blue Door Cafe,"C Scheme, Jaipur",4.6,"₹1,000 for two","['Cafe, Salad, Sandwich, Pizza, Fast Food, Street Food, Beverages, Desserts']",/jaipur/de-blue-door-cafe-c-scheme/info
Flame & Tandoor,"Mansarovar, Jaipur",New,₹700 for two,"['North Indian, Mughlai, Chinese, Biryani']",/jaipur/flame-tandoor-mansarovar/info
Kyfesto Cafe,"Bais Godam, Jaipur",4.6,"₹1,000 for two","['Chinese, Mexican, Italian, Pizza, Sandwich, Fast Food, Salad, Desserts']",/jaipur/kyfesto-cafe-bais-godam/info
Henry's The Pub - Hotel Park Prime,"C Scheme, Jaipur",4.2,"₹1,200 for two","['Finger Food, North Indian, Chinese, Continental, Pizza, Fast Food, Salad, Beverages']",/jaipur/henrys-the-pub-hotel-park-prime-c-scheme/info
Taruveda Cocktails and Bistro,"Adarsh Nagar, Jaipur",4.1,"₹2,000 for two","['European, Italian, Pasta, Desserts, Beverages']",/jaipur/taruveda-cocktails-and-bistro-adarsh-nagar/info
Biryani By Kilo,"Vaishali Nagar, Jaipur",4.4,₹600 for two,"['Biryani, Hyderabadi, Kebab, North Indian, Ice Cream, Desserts']",/jaipur/biryani-by-kilo-vaishali-nagar/info
Tapri Ashram,"Durgapura, Jaipur",4.4,₹950 for two,"['Cafe, Italian, Continental, Fast Food, Street Food, Desserts, Beverages']",/jaipur/tapri-ashram-durgapura/info
Otla Brews,"Ajmer Highway, Jaipur",4.2,"₹1,000 for two","['Chinese, Fast Food, Salad, Street Food, Desserts, Coffee, Shake, Beverages']",/jaipur/otla-brews-ajmer-highway/info
Pizza Hut,"Gopalpura, Jaipur",4.0,₹300 for two,"['Pizza, Fast Food, Pasta, Beverages']",/jaipur/pizza-hut-gopalpura/info
Negchar Bagh Restaurant & Banquet,"Sikar Road, Jaipur",3.7,"₹1,000 for two","['North Indian, South Indian, Fast Food, Rajasthani, Chinese, Continental, Ice Cream, Desserts']",/jaipur/negchar-bagh-restaurant-banquet-sikar-road/info
Jashn,"Malviya Nagar, Jaipur",3.3,"₹1,000 for two","['North Indian, Continental, South Indian, Beverages, Mexican, Italian, Street Food, Fast Food']",/jaipur/jashn-1-malviya-nagar/info
Soul Brewing Company,"MI Road, Jaipur",4.8,"₹1,500 for two","['Continental, North Indian, Fast Food, Chinese, Alcoholic Beverages, Modern Indian']",/jaipur/soul-brewing-company-mi-road/info
Dosaka - Taste of South,"C Scheme, Jaipur",4.2,"₹1,000 for two","['South Indian, Beverages']",/jaipur/dosaka-taste-of-south-c-scheme/info
Cafe Quaint,"Gandhinagar Jaipur, Jaipur",4.5,"₹1,200 for two","['Cafe, European, Desserts, Beverages, Coffee, Bakery, Healthy Food, Salad']",/jaipur/cafe-quaint-gandhinagar-jaipur/info
Coffea,"Mansarovar, Jaipur",4.1,₹550 for two,"['Cafe, Coffee, Fast Food, Pizza, Sandwich, Desserts, Tea, Beverages']",/jaipur/coffea-2-mansarovar/info
Absolute Zero,"Pratap Nagar, Jaipur",4.3,₹300 for two,"['Fast Food, Sandwich, Pizza, Mexican, Chinese, Momos, Shake, Desserts']",/jaipur/absolute-zero-pratap-nagar/info
Tagda Singh,"Malviya Nagar, Jaipur",4.1,"₹1,200 for two","['North Indian, Desserts']",/jaipur/tagda-singh-1-malviya-nagar/info
Curious Life - Coffee Roasters,"C Scheme, Jaipur",4.6,₹800 for two,"['Cafe, Beverages, Fast Food, Sandwich, Desserts']",/jaipur/curious-life-coffee-roasters-c-scheme/info
Namokar Restaurant By Paapi Pett,"Durgapura, Jaipur",3.7,₹500 for two,"['North Indian, Chinese, Salad, Sandwich, Pasta, Pizza, Fast Food, Beverages']",/jaipur/namokar-restaurant-by-paapi-pett-durgapura/info
Anjum - Fairmont Jaipur,"Kukas, Jaipur",4.6,"₹2,800 for two","['Cafe, North Indian, Beverages']",/jaipur/anjum-fairmont-jaipur-kukas/info
RAFFLES,"Amer, Jaipur",4.2,"₹2,500 for two",['North Indian'],/jaipur/raffles-amer/info
Nothing Before Coffee,"Chitrakoot, Jaipur",4.0,₹500 for two,"['Rolls, Fast Food, Coffee, Beverages, Desserts, Shake, Momos, Italian']",/jaipur/nothing-before-coffee-chitrakoot/info
Deliciuz Restaurant & Cafe,"Jagatpura, Jaipur",4.3,"₹3,500 for two","['North Indian, Chinese, Continental, Beverages, Italian, Mexican, Finger Food']",/jaipur/deliciuz-restaurant-cafe-jagatpura/info
Bulb Cafe,"Mansarovar, Jaipur",3.8,₹400 for two,"['Chinese, Fast Food, Burger, Pizza, Rolls, Street Food, Momos, Shake']",/jaipur/bulb-cafe-1-mansarovar/info
The Bakery - Holiday Inn Jaipur,"Bais Godam, Jaipur",4.3,"₹1,000 for two","['Bakery, Fast Food']",/jaipur/the-bakery-holiday-inn-jaipur-bais-godam/info
Asilah,"Agra Road, Jaipur",4.3,₹700 for two,"['Cafe, North Indian, Chinese, Italian, Continental, Lebanese, Desserts, Beverages']",/jaipur/asilah-agra-road/info
Half Light Coffee Roasters,"C Scheme, Jaipur",4.5,₹700 for two,"['Cafe, Fast Food']",/jaipur/half-light-coffee-roasters-c-scheme/info
The Collonnade - Rajmahal Palace,"C Scheme, Jaipur",4.0,"₹3,500 for two","['Continental, Rajasthani, North Indian, Desserts, Mexican, Beverages']",/jaipur/the-collonnade-rajmahal-palace-c-scheme/info
Sri bhog,"Malviya Nagar, Jaipur",4.2,"₹1,000 for two","['North Indian, Rajasthani, South Indian, Chinese, Desserts']",/jaipur/sri-bhog-malviya-nagar/info
Gallon 56,"Khatipura Road, Jaipur",4.1,"₹1,000 for two","['Chinese, Italian, Continental, North Indian, Mughlai, Salad, Beverages, Biryani']",/jaipur/gallon-56-khatipura-road/info
Beans & Bun By Hotel Anuraag Villa,"Bani Park, Jaipur",4.5,"₹1,000 for two","['Cafe, Coffee, Shake, Beverages, Pizza, Burger, Sandwich, Desserts']",/jaipur/beans-bun-by-hotel-anuraag-villa-bani-park/info
Veda by Jaipur Coffee Co.,"Gopalbari, Jaipur",4.4,"₹1,100 for two","['Cafe, Coffee, Bar Food, Mexican, Alcoholic Beverages, Beverages, Continental, Asian']",/jaipur/veda-by-jaipur-coffee-co-gopalbari/info
Sigma Club & Rooftop Lounge,"Pratap Nagar, Jaipur",3.8,"₹1,000 for two","['Chinese, North Indian']",/jaipur/sigma-club-rooftop-lounge-pratap-nagar/info
Sharma Dhaba,"Sindhi Camp, Jaipur",3.6,₹600 for two,"['North Indian, Fast Food, Tea']",/jaipur/sharma-dhaba-sindhi-camp/info
Anushthan,"Gopalpura, Jaipur",4.3,₹750 for two,"['Rajasthani, North Indian, Desserts, Juices, Shake, Beverages']",/jaipur/anushthan-gopalpura/info
Stories - The Organic Farm Cafe,"Achrol, Jaipur",3.5,₹500 for two,"['Cafe, Beverages, Pizza, Fast Food, North Indian']",/jaipur/stories-the-organic-farm-cafe-achrol/info
Falafel House,"Adarsh Nagar, Jaipur",4.4,₹600 for two,"['Lebanese, Middle Eastern']",/jaipur/falafel-house-adarsh-nagar/info
Niros,"MI Road, Jaipur",3.8,"₹2,000 for two","['North Indian, Mughlai, Rajasthani, Chinese, Continental, Seafood, Fast Food']",/jaipur/niros-mi-road/info
Clasa Cafe,"DCM, Jaipur",New,₹700 for two,"['Chinese, Pizza, Sandwich, Cafe, Beverages, Momos, Pasta, Wraps']",/jaipur/clasa-cafe-dcm/info
Pentagon Bar & Kitchen,"Vaishali Nagar, Jaipur",4.0,"₹1,800 for two","['Bar Food, Continental, Chinese, North Indian, Mexican, Mughlai']",/jaipur/pentagon-bar-kitchen-vaishali-nagar/info
Quyu's,"Vaishali Nagar, Jaipur",4.7,"₹1,800 for two","['North Indian, Mexican, Lebanese, Sushi, Healthy Food, Cafe, Desserts']",/jaipur/quyus-vaishali-nagar/info
Topaz Restaurant - FineDine & Skydeck,"MI Road, Jaipur",4.4,"₹1,200 for two","['North Indian, Chinese, Rajasthani, Pizza, Pasta, Fast Food, Desserts']",/jaipur/topaz-restaurant-finedine-skydeck-mi-road/info
Bandhani - Pride Amber Vilas,"Sitapur, Jaipur",4.8,"₹2,000 for two","['North Indian, Chinese, Continental, Beverages, Desserts']",/jaipur/bandhani-pride-amber-vilas-sitapur/info
Amber Pavilion By ITC Mementos,"Kukas, Jaipur",4.4,"₹2,000 for two","['North Indian, Continental, Arabian, Asian, Italian, Pizza, Desserts, Beverages']",/jaipur/amber-pavilion-by-itc-mementos-kukas/info
Jharokha - The Heritage Restro,"Pink City, Jaipur",3.8,₹650 for two,"['Chinese, North Indian, South Indian, Fast Food, Desserts, Beverages']",/jaipur/jharokha-the-heritage-restro-pink-city/info
Tipsy Restaurant,"Vidhyadhar Nagar, Jaipur",3.9,₹550 for two,"['North Indian, Fast Food, Chinese, Beverages, Pizza, South Indian']",/jaipur/tipsy-restaurant-vidhyadhar-nagar/info
The Rajput Room - Rambagh Palace,"C Scheme, Jaipur",4.8,"₹5,000 for two","['North Indian, Continental, Asian, Mughlai, Desserts, Beverages']",/jaipur/the-rajput-room-rambagh-palace-c-scheme/info
Harishankar Veg Restro,"Vaishali Nagar, Jaipur",3.4,₹600 for two,"['North Indian, African, South Indian, Chinese, Pizza, Fast Food, Beverages']",/jaipur/harishankar-veg-restro-vaishali-nagar/info
Suvera Cafe and Bistro,"Lal Kothi, Jaipur",New,"₹1,100 for two","['Italian, Continental, Chinese']",/jaipur/suvera-cafe-and-bistro-lal-kothi/info
The Amber Kitchen - DoubleTree by Hilton,"Kukas, Jaipur",4.4,"₹3,500 for two","['South Indian, Continental, Italian, Fast Food, Chinese, Oriental, Desserts, Beverages']",/jaipur/the-amber-kitchen-doubletree-by-hilton-kukas/info
Hotel Highway King Restaurant,"Ajmer Highway, Jaipur",4.6,"₹1,000 for two","['North Indian, Pizza, Chinese, Fast Food, Desserts, Beverages']",/jaipur/hotel-highway-king-restaurant-ajmer-highway/info
The Kulcha Factory,"Raja Park, Jaipur",4.1,₹400 for two,['North Indian'],/jaipur/the-kulcha-factory-raja-park/info
The Stag Rooftop,"Amer, Jaipur",4.0,"₹1,000 for two","['Cafe, Fast Food, North Indian, Chinese, Beverages']",/jaipur/the-stag-rooftop-amer/info
Yugen Cafe,"Jhotwara, Jaipur",3.9,₹600 for two,"['Cafe, Coffee, Italian, Chinese, Burger, Sandwich, Momos, Salad']",/jaipur/yugen-cafe-jhotwara/info
Atariyaa Cafe,"Malviya Nagar, Jaipur",4.5,"₹1,000 for two","['Italian, Chinese, Lebanese, Mexican, Fast Food, Desserts, Beverages, Sushi']",/jaipur/atariyaa-cafe-malviya-nagar/info
Dhaba 14,"Sitapur, Jaipur",3.3,₹400 for two,"['North Indian, Chinese, Beverages']",/jaipur/dhaba-14-sitapur/info
Padao,"Amer, Jaipur",3.2,"₹1,200 for two","['North Indian, Rajasthani, Biryani, Fast Food, Beverages']",/jaipur/padao-amer/info
How About Coffee,"Jagatpura, Jaipur",4.5,₹700 for two,"['Coffee, Pizza, Sandwich, Fast Food, Desserts, Shake, Tea, Beverages']",/jaipur/how-about-coffee-jagatpura/info
Limelight - Hotel Royal Orchid,"Durgapura, Jaipur",4.3,"₹2,000 for two","['North Indian, Desserts, Fast Food, Beverages, Alcoholic Beverages']",/jaipur/limelight-hotel-royal-orchid-durgapura/info
Roastery Coffee House,"Vaishali Nagar, Jaipur",4.4,₹850 for two,"['Italian, Continental, Coffee']",/jaipur/roastery-coffee-house-vaishali-nagar/info
Damru By Namo,"Mansarovar, Jaipur",3.1,₹800 for two,"['North Indian, Chinese, Continental']",/jaipur/damru-by-namo-mansarovar/info
Gulabi Nagari,"Bani Park, Jaipur",4.3,"₹1,600 for two","['North Indian, Chinese, South Indian, Fast Food, Kebab, Salad, Desserts, Beverages']",/jaipur/gulabi-nagari-bani-park/info
Aerwyna Caffe,"C Scheme, Jaipur",4.2,₹600 for two,['Beverages'],/jaipur/aerwyna-caffe-c-scheme/info
Market Place - Radisson Blu,"Tonk Road, Jaipur",4.1,"₹3,000 for two","['Continental, North Indian, Healthy Food, Chinese, Italian, Oriental, Desserts, Beverages']",/jaipur/market-place-radisson-blu-tonk-road/info
Latest Recipe - Le Meridien Jaipur,"Kukas, Jaipur",4.6,"₹3,500 for two","['North Indian, Chinese, Continental, Fast Food, Desserts']",/jaipur/latest-recipe-le-meridien-jaipur-kukas/info
The Pavilion - Sarovar Portico,"Vaishali Nagar, Jaipur",3.9,"₹2,000 for two","['South Indian, Healthy Food, Chinese, Italian, North Indian, Mughlai, Desserts, Beverages']",/jaipur/the-pavilion-sarovar-portico-vaishali-nagar/info
Serai Brews Cafe,"Bani Park, Jaipur",4.1,₹500 for two,"['Cafe, Coffee, Sandwich, Burger, Pasta, Pizza, Desserts, Beverages']",/jaipur/serai-brews-cafe-bani-park/info
Rajasthani Bhog,"Bani Park, Jaipur",4.3,"₹1,000 for two","['North Indian, Desserts, Beverages']",/jaipur/rajasthani-bhog-bani-park/info
1932 Trevi,"Narayan Singh Circle, Jaipur",4.3,"₹4,500 for two","['Italian, North Indian']",/jaipur/1932-trevi-narayan-singh-circle/info
Marble Arch - Jai Mahal Palace,"Civil Lines, Jaipur",4.2,"₹3,000 for two","['North Indian, Chinese, Continental']",/jaipur/marble-arch-jai-mahal-palace-civil-lines/info
City Heights,"Malviya Nagar, Jaipur",4.4,"₹1,100 for two","['North Indian, Continental, Italian, European, Fast Food, Oriental, Desserts, Beverages']",/jaipur/city-heights-malviya-nagar/info
Hive,"Raja Park, Jaipur",4.3,"₹1,000 for two","['North Indian, Italian, Pizza, Pasta, Rolls, Fast Food, Beverages, Shake']",/jaipur/hive-raja-park/info
Costa Coffee,"Vaishali Nagar, Jaipur",4.2,₹600 for two,"['Cafe, Coffee, Beverages, Bakery, Desserts']",/jaipur/costa-coffee-vaishali-nagar/info
Cafe Sunar,"Agra Road, Jaipur",3.4,"₹1,200 for two","['Cafe, Coffee, Continental, Chinese, Fast Food, Beverages, Sandwich, Pasta']",/jaipur/cafe-sunar-agra-road/info
Dhaba Delight,"Vaishali Nagar, Jaipur",4.4,"₹1,100 for two","['North Indian, South Indian, Oriental, Italian, Fast Food, Desserts, Beverages']",/jaipur/dhaba-delight-vaishali-nagar/info
Jaipur Courtyard,"Amer Road, Jaipur",3.6,"₹1,200 for two","['Rajasthani, North Indian, Biryani, Salad, Chinese, Street Food']",/jaipur/jaipur-courtyard-amer-road/info
Merlot & Co,"MI Road, Jaipur",4.3,"₹2,400 for two","['Modern Indian, Asian, Continental, Chinese, North Indian, Mughlai']",/jaipur/merlot-co-mi-road/info
Tana Bana Restaurant,"Mansarovar, Jaipur",4.2,"₹1,150 for two","['North Indian, Chinese, Continental, Fast Food, Street Food, Shake, Tea, Beverages']",/jaipur/tana-bana-restaurant-1-mansarovar/info
14 Tables,"MI Road, Jaipur",4.3,"₹3,000 for two","['North Indian, Continental, Oriental, Fast Food, Desserts, Beverages']",/jaipur/14-tables-mi-road/info
Kanha,"Vaishali Nagar, Jaipur",3.8,₹500 for two,"['Mithai, Street Food, North Indian, South Indian, Chinese, Fast Food, Desserts, Beverages']",/jaipur/kanha-vaishali-nagar/info
Fort Jaipur - Kitchen and Banquet,"Tonk Road, Jaipur",2.9,₹800 for two,"['North Indian, Chinese, Continental, Italian, Pizza, Fast Food, Desserts, Beverages']",/jaipur/fort-jaipur-kitchen-and-banquet-tonk-road/info
Lounge 18 - Jaipur Marriott Hotel,"Durgapura, Jaipur",4.4,"₹2,200 for two","['Finger Food, Chinese, Italian, Bar Food, Biryani, North Indian']",/jaipur/lounge-18-jaipur-marriott-hotel-durgapura/info
Char Bagh,"Mansarovar, Jaipur",4.6,₹600 for two,"['Cafe, Coffee, Italian, Mexican, Sandwich, Burger, Fast Food, Shake']",/jaipur/char-bagh-mansarovar/info
Tipsy Restaurant Mansarovar,"Mansarovar, Jaipur",4.1,"₹1,200 for two","['North Indian, South Indian, Chinese, Pizza, Fast Food, Ice Cream, Shake, Beverages']",/jaipur/tipsy-restaurant-mansarovar-mansarovar/info
Arogo - Grand Uniara,"Narayan Singh Circle, Jaipur",4.4,"₹2,100 for two","['Continental, American, North Indian, South Indian, Biryani, Italian, Fast Food, Beverages']",/jaipur/arogo-grand-uniara-1-narayan-singh-circle/info
Queens Hub,"Malviya Nagar, Jaipur",3.9,"₹1,800 for two","['North Indian, Continental, Asian, Fast Food, Chinese, Desserts']",/jaipur/queens-hub-malviya-nagar/info
Marigold - Golden Tulip,"MI Road, Jaipur",4.1,"₹1,000 for two","['North Indian, Chinese, Continental, Mughlai, Seafood, Oriental, Fast Food, Beverages']",/jaipur/marigold-golden-tulip-mi-road/info
Dzurt,"Civil Lines, Jaipur",4.3,₹600 for two,"['Pizza, Bakery, Cafe, Sandwich, Pasta, Salad, Desserts, Cake']",/jaipur/dzurt-civil-lines/info
Jaipur Pavilion - ITC Rajputana Hotel,"Gopalbari, Jaipur",4.4,"₹3,000 for two","['South Indian, North Indian, Rajasthani, Continental, Fast Food, Desserts, Healthy Food, Beverages']",/jaipur/jaipur-pavilion-itc-rajputana-hotel-gopalbari/info
Pali's Pure Veg Dhaba,"Raja Park, Jaipur",4.0,₹850 for two,"['North Indian, Fast Food, Chinese, Rajasthani, Italian, Burger, Desserts']",/jaipur/palis-pure-veg-dhaba-raja-park/info
Khatirdari,"Vaishali Nagar, Jaipur",4.2,"₹1,000 for two","['North Indian, Mughlai, Biryani, Chinese, Seafood, Pizza, Rolls, Ice Cream']",/jaipur/khatirdari-vaishali-nagar/info
Amritsar Haveli,"Malviya Nagar, Jaipur",3.5,"₹1,000 for two","[', North Indian, Kebab, Rolls, Chinese, Sandwich, Beverages, Coffee']",/jaipur/amritsar-haveli-malviya-nagar/info
Express Cafe & Bar- Holiday Inn Express And Suites,"Gopalpura, Jaipur",4.3,"₹1,200 for two","['North Indian, Mughlai, Italian, Chinese, Fast Food, Pizza, Desserts, Beverages']",/jaipur/express-cafe-bar-holiday-inn-express-and-suites-gopalpura/info
Govindam Retreat,"Pink City, Jaipur",4.2,"₹1,000 for two","['North Indian, South Indian, Rajasthani, Chinese, Fast Food, Desserts, Beverages']",/jaipur/govindam-retreat-pink-city/info
Labonne Bouche Patisserie,"Sodala, Jaipur",4.1,"₹1,300 for two","['Bakery, Desserts, French, Beverages']",/jaipur/labonne-bouche-patisserie-sodala/info
Sankalp,"Malviya Nagar, Jaipur",4.5,"₹1,500 for two","['South Indian, North Indian, Desserts, Beverages']",/jaipur/sankalp-malviya-nagar/info
Little Nest cafe and restaurant,"Mansarovar, Jaipur",-,₹300 for two,"['North Indian, Fast Food, Beverages']",/jaipur/little-nest-cafe-and-restaurant-mansarovar/info
Amaari,"Chitrakoot, Jaipur",4.4,"₹1,000 for two","['North Indian, Chinese, Salad, Pizza, Fast Food, Desserts, Beverages']",/jaipur/amaari-chitrakoot/info
Night & Day,"Jagatpura, Jaipur",New,₹350 for two,"['Fast Food, Pizza, Burger, Sandwich, Pasta, Street Food']",/jaipur/night-day-1-jagatpura/info
RAASA KITCHEN & BAR,"Vaishali Nagar, Jaipur",New,"₹1,600 for two","['North Indian, Chinese, South Indian, Pizza, Burger, Sandwich, Beverages, Desserts']",/jaipur/raasa-kitchen-bar-vaishali-nagar/info
Chawla's Restaurant,"Sodala, Jaipur",4.1,₹850 for two,"['North Indian, Chinese, Mughlai, Fast Food, Biryani']",/jaipur/chawlas-restaurant-sodala/info
1st Story - Four Points By Sheraton,"Tonk Road, Jaipur",4.5,"₹1,800 for two","['Finger Food, Continental, Chinese, North Indian, Italian, Desserts, Bar Food, Beverages']",/jaipur/1st-story-four-points-by-sheraton-tonk-road/info
Cirqa Rooftop Restaurant,"Mansarovar, Jaipur",-,"₹1,000 for two","['North Indian, South Indian, Salad, Sandwich, Fast Food, Italian, Chinese, Beverages']",/jaipur/cirqa-rooftop-restaurant-mansarovar/info
Hawai Jahaj Restaurant And Cafe,"Mansarovar, Jaipur",3.7,"₹1,000 for two","['North Indian, South Indian, Chinese']",/jaipur/hawai-jahaj-restaurant-and-cafe-mansarovar/info
Bombay Chaat Restaurant,"Jagatpura, Jaipur",-,₹450 for two,['North Indian'],/jaipur/bombay-chaat-restaurant-1-jagatpura/info
Swaad Since 1995,"Vaishali Nagar, Jaipur",4.5,"₹1,000 for two","['North Indian, South Indian, Chinese, Biryani, Italian, Pizza, Sandwich, Continental']",/jaipur/swaad-since-1995-vaishali-nagar/info
Alchemist Coffee Company,"C Scheme, Jaipur",4.5,₹600 for two,"['Coffee, Fast Food, Street Food, Shake, Beverages']",/jaipur/alchemist-coffee-company-c-scheme/info
Vimal Vilas,"Tonk Road, Jaipur",4.2,₹600 for two,"['North Indian, Continental, Beverages']",/jaipur/vimal-vilas-tonk-road/info
Z CLUB,"Tonk Road, Jaipur",3.8,"₹3,700 for two","['North Indian, Fast Food, Chinese']",/jaipur/z-club-tonk-road/info
The Gourmet Bar - Novotel Jaipur Convention Centre,"Sitapur, Jaipur",4.6,"₹2,500 for two","['Finger Food, Beverages']",/jaipur/the-gourmet-bar-novotel-jaipur-convention-centre-sitapur/info
The Bargain- Sports bar and Lounge,"Raja Park, Jaipur",4.6,"₹1,000 for two","['Bar Food, Coffee, Shake, Beverages']",/jaipur/the-bargain-sports-bar-and-lounge-raja-park/info
Cafe J - Ramada By Wyndham,"Vidhyadhar Nagar, Jaipur",4.1,"₹1,600 for two","['North Indian, South Indian, Mughlai, Salad, Chinese, Biryani, Desserts, Beverages']",/jaipur/cafe-j-ramada-by-wyndham-vidhyadhar-nagar/info
Starlight,"Shyam Nagar, Jaipur",New,"₹1,400 for two","['North Indian, Pizza, Pasta, Fast Food']",/jaipur/starlight-shyam-nagar/info
Aura - The Fern Residency,"Adarsh Nagar, Jaipur",4.6,"₹1,500 for two","['Continental, Oriental, Thai, North Indian, Rajasthani, Salad, Biryani, Desserts']",/jaipur/aura-the-fern-residency-adarsh-nagar/info
Shahpura Residency,"Tonk Road, Jaipur",4.3,"₹1,200 for two","['Fast Food, North Indian, Chinese, Italian']",/jaipur/shahpura-residency-tonk-road/info
The Tattoo Cafe,"Pink City, Jaipur",3.4,"₹1,000 for two","['Cafe, Italian, North Indian, Fast Food, Desserts, Beverages']",/jaipur/the-tattoo-cafe-pink-city/info
Cafe Awara,"Sansar Chandra Road, Jaipur",-,₹500 for two,"['North Indian, Chinese, South Indian, Fast Food, Pizza, Street Food, Desserts, Beverages']",/jaipur/cafe-awara-sansar-chandra-road/info
Cafe Caviar,"Jagatpura, Jaipur",3.9,₹700 for two,"['North Indian, Continental, Chinese, Salad, Coffee, Juices, Shake, Beverages']",/jaipur/cafe-caviar-jagatpura/info
Aloha Candlelight Dinner Restaurant,"Bani Park, Jaipur",4.2,"₹1,000 for two","['North Indian, Chinese']",/jaipur/aloha-candlelight-dinner-restaurant-bani-park/info
Tea Connect,"C Scheme, Jaipur",4.2,₹700 for two,"['Cafe, Beverages, North Indian, Continental, Street Food, Fast Food, Tea, Shake']",/jaipur/tea-connect-c-scheme/info
Raj Suraai,"Pratap Nagar, Jaipur",4.1,₹800 for two,"['North Indian, Chinese, Pizza, Salad, Fast Food, Coffee, Tea, Beverages']",/jaipur/raj-suraai-pratap-nagar/info
Olio Dugout with Rajasthan Royals,"Lal Kothi, Jaipur",4.3,₹400 for two,['Pizza'],/jaipur/olio-dugout-with-rajasthan-royals-lal-kothi/info
Cheers Buddy - MRP BAR,"Shyam Nagar, Jaipur",4.2,₹800 for two,"['North Indian, Continental']",/jaipur/cheers-buddy-mrp-bar-shyam-nagar/info
Jaipur Retro,"Jawahar Nagar, Jaipur",4.1,₹700 for two,"['Beverages, Burger, Chinese, Fast Food, Pizza, Indo-Chinese, Italian, Sandwich']",/jaipur/jaipur-retro-2-jawahar-nagar/info
The Fern Residency,"Adarsh Nagar, Jaipur",4.2,"₹1,900 for two","['North Indian, Chinese, Fast Food']",/jaipur/the-fern-residency-adarsh-nagar/info
Chai Kaapi,"Mansarovar, Jaipur",3.7,₹350 for two,"['North Indian, Fast Food, Beverages']",/jaipur/chai-kaapi-1-mansarovar/info
The Johri,"Pink City, Jaipur",3.3,"₹1,400 for two","['North Indian, Biryani, North Eastern, Beverages']",/jaipur/the-johri-pink-city/info
The Roast Fuze Coffee Bar,"Vaishali Nagar, Jaipur",-,₹400 for two,"['Cafe, Coffee, Chinese, Fast Food, Desserts, Tea, Shake, Beverages']",/jaipur/the-roast-fuze-coffee-bar-vaishali-nagar/info
Namo Restro,"Tonk Road, Jaipur",3.8,"₹1,000 for two","['North Indian, Chinese, Sandwich, Pasta, Fast Food, Coffee, Tea, Beverages']",/jaipur/namo-restro-1-tonk-road/info
Adda,"Sodala, Jaipur",3.9,₹500 for two,"['North Indian, Pizza']",/jaipur/adda-sodala/info
Butler's,"Vaishali Nagar, Jaipur",4.4,"₹1,200 for two","['North Indian, Chinese, Continental, Italian, Fast Food, Desserts, Bar Food, Beverages']",/jaipur/butlers-vaishali-nagar/info
Crazy Coffee,"Sanganer, Jaipur",4.4,₹500 for two,"['Coffee, Sandwich, Pizza, Desserts, Shake']",/jaipur/crazy-coffee-1-sanganer/info
The Old Delhi,"C Scheme, Jaipur",3.9,₹650 for two,"['North Indian, Kebab, Rolls, Biryani, Beverages']",/jaipur/the-old-delhi-c-scheme/info
Narayana Restaurant,"Vaishali Nagar, Jaipur",4.1,₹400 for two,"['North Indian, South Indian, Chinese, Fast Food, Pizza, Desserts, Beverages']",/jaipur/narayana-restaurant-vaishali-nagar/info
Junction 14,"Mansarovar, Jaipur",4.1,"₹1,100 for two","['Chinese, South Indian, North Indian, Fast Food, Beverages']",/jaipur/junction-14-mansarovar/info
Metro Sky Lounge,"Jagatpura, Jaipur",4.3,"₹1,200 for two","['Bar Food, Beverages']",/jaipur/metro-sky-lounge-jagatpura/info
Baari The House Of Fusion,"Gopalbari, Jaipur",4.1,"₹1,000 for two","['South Indian, North Indian, Chinese, Healthy Food, Italian, Pizza, Biryani, Desserts']",/jaipur/baari-the-house-of-fusion-gopalbari/info
Chowk By Fort,"Malviya Nagar, Jaipur",4.4,"₹1,800 for two","['North Indian, Chinese, Continental, Italian, Fast Food, Desserts, Beverages']",/jaipur/chowk-by-fort-malviya-nagar/info
Think Cup,"Jhotwara, Jaipur",-,₹500 for two,"['Fast Food, Burger, Pizza, Sandwich, Street Food, Shake, Tea, Beverages']",/jaipur/think-cup-jhotwara/info
The Kathi Roll Hub,"Sikar Road, Jaipur",3.8,₹250 for two,"['Rolls, Momos, Beverages']",/jaipur/the-kathi-roll-hub-1-sikar-road/info
THE PAWFEE HOUSE,"Durgapura, Jaipur",4.2,₹400 for two,"['Fast Food, Chinese, Bakery, Continental, Desserts, Bubble Tea, Coffee, Beverages']",/jaipur/the-pawfee-house-durgapura/info
Half Light Coffee Roasters,"Malviya Nagar, Jaipur",3.8,"₹1,000 for two","['Cafe, Coffee, Sandwich, Fast Food']",/jaipur/half-light-coffee-roasters-malviya-nagar/info
Chaat Bistro,"Civil Lines, Jaipur",3.9,₹600 for two,"['Street Food, Tea, Beverages']",/jaipur/chaat-bistro-civil-lines/info
Sunset Bar - Sarovar Portico,"Vaishali Nagar, Jaipur",4.2,"₹2,000 for two","['Fast Food, Beverages, Chinese']",/jaipur/sunset-bar-sarovar-portico-vaishali-nagar/info
The bbro Poolside Cafe & Restaurant,"Agra Road, Jaipur",4.1,₹550 for two,"['North Indian, Chinese, Pizza, Fast Food, Shake, Beverages']",/jaipur/the-bbro-poolside-cafe-restaurant-agra-road/info
Lord Petrick Burger & Coffee,"Vaishali Nagar, Jaipur",4.1,₹200 for two,"['Burger, Wraps, Fast Food, Desserts, Beverages, Cafe, Coffee']",/jaipur/lord-petrick-burger-coffee-vaishali-nagar/info
Midori- The Zen Bar,"C Scheme, Jaipur",New,₹400 for two,['Beverages'],/jaipur/midori-the-zen-bar-c-scheme/info
Reflect - Bistro And Kitchen,"C Scheme, Jaipur",4.8,"₹1,200 for two","['Cafe, Continental, Mexican, Italian, Chinese, Salad, Waffle, Beverages']",/jaipur/reflect-bistro-and-kitchen-c-scheme/info
The Pankh,"Mansarovar, Jaipur",4.0,"₹1,000 for two","['North Indian, Cafe, Coffee, South Indian, Continental, Italian, Chinese, Fast Food']",/jaipur/the-pankh-mansarovar/info
#BC,"Bani Park, Jaipur",4.1,"₹1,500 for two","['North Indian, Oriental, Chinese, Pizza, Sandwich, Biryani, Desserts, Beverages']",/jaipur/bc-bani-park/info
Sequoia Café,"Raja Park, Jaipur",4.7,"₹1,500 for two","['Continental, Chinese, American, Waffle, Beverages, Salad, Italian, Asian']",/jaipur/sequoia-café-raja-park/info
Taco Bell,"Malviya Nagar, Jaipur",4.0,₹600 for two,"['Fast Food, Mexican']",/jaipur/taco-bell-malviya-nagar/info
Coffee Break,"Vaishali Nagar, Jaipur",4.6,"₹1,000 for two","['Cafe, Coffee, Sandwich, Waffle, Pasta, Shake, Desserts, Beverages']",/jaipur/coffee-break-vaishali-nagar/info
West 56 - Radisson Blu,"Durgapura, Jaipur",4.2,"₹3,000 for two",['Finger Food'],/jaipur/west-56-radisson-blu-durgapura/info
180 Degree - The Theme Hotel,"Tonk Road, Jaipur",4.1,"₹1,800 for two","['North Indian, Mughlai, Continental, Chinese, Oriental, Desserts, Bar Food, Beverages']",/jaipur/180-degree-the-theme-hotel-tonk-road/info
Tyohar,"Vaishali Nagar, Jaipur",3.2,₹400 for two,"['Mithai, Street Food']",/jaipur/tyohar-vaishali-nagar/info
Tso Sha,"Adarsh Nagar, Jaipur",4.2,"₹1,200 for two","['Asian, Japanese, Desserts, Beverages']",/jaipur/tso-sha-adarsh-nagar/info
Ustaadi - Hyderabadi Dumm Biryani,"Civil Lines, Jaipur",3.8,₹700 for two,"['Biryani, North Indian, South Indian, Indo-Chinese']",/jaipur/ustaadi-hyderabadi-dumm-biryani-civil-lines/info
The Lounge - InterContinental Jaipur,"Sitapur, Jaipur",4.4,"₹3,000 for two","['Continental, North Indian, Fast Food, Desserts, Beverages']",/jaipur/the-lounge-intercontinental-jaipur-sitapur/info
Flavours  - Nirwana Hometel Jaipur,"Bani Park, Jaipur",4.2,"₹1,000 for two","['Fast Food, North Indian, Biryani, Chinese, Desserts, Beverages']",/jaipur/flavours-nirwana-hometel-jaipur-bani-park/info
Madeira Bar - Le Meridien Jaipur,"Kukas, Jaipur",4.6,"₹3,500 for two","['Continental, North Indian']",/jaipur/madeira-bar-le-meridien-jaipur-kukas/info
Cafe Cornerstone By Pallavi Daga,"C Scheme, Jaipur",3.2,"₹1,200 for two","['Cafe, Italian, North Indian, Fast Food, Street Food, Desserts, Beverages']",/jaipur/cafe-cornerstone-by-pallavi-daga-c-scheme/info
Samrat Restaurant,"Pink City, Jaipur",3.5,₹200 for two,['Street Food'],/jaipur/samrat-restaurant-pink-city/info
Jaipur Baking Company - Jaipur Marriott Hotel,"Durgapura, Jaipur",4.1,₹800 for two,"['Cafe, Bakery, Fast Food, Salad, Sandwich, Healthy Food, Beverages, Desserts']",/jaipur/jaipur-baking-company-jaipur-marriott-hotel-durgapura/info
Sangria SkyLounge,"MI Road, Jaipur",4.3,"₹1,400 for two","['North Indian, Italian, Chinese, Salad, Sandwich, Fast Food, Desserts']",/jaipur/sangria-skylounge-mi-road/info
Havaana Coffee,"Malviya Nagar, Jaipur",4.0,"₹1,000 for two","['Coffee, Beverages, Italian']",/jaipur/havaana-coffee-malviya-nagar/info
Cafe Toscana,"Tonk Phatak, Jaipur",4.7,₹600 for two,"['Cafe, Coffee, Pasta, Pizza, Italian, Chinese, Burger, Beverages']",/jaipur/cafe-toscana-tonk-phatak/info
Fat Tiger,"Raja Park, Jaipur",3.2,₹500 for two,"['Chinese, Beverages, Pasta, Sandwich, Wraps, Momos, Fast Food, Burger']",/jaipur/fat-tiger-raja-park/info
Roop Basant Dhaba,"Vaishali Nagar, Jaipur",-,₹600 for two,"['North Indian, Biryani, Chinese']",/jaipur/roop-basant-dhaba-vaishali-nagar/info
Dark Heaven,"Chitrakoot, Jaipur",3.2,₹400 for two,"['Burger, Bakery, Sandwich, Coffee, Fast Food, Cake']",/jaipur/dark-heaven-chitrakoot/info
Rasa Cafe,"Narayan Singh Circle, Jaipur",4.4,"₹1,000 for two","['North Indian, South Indian, Chinese, Mediterranean, Pasta, Fast Food, Biryani, Desserts']",/jaipur/rasa-cafe-narayan-singh-circle/info
M.M. Khan Hotel,"Pink City, Jaipur",4.0,₹500 for two,"['North Indian, Mughlai, Biryani']",/jaipur/m-m-khan-hotel-pink-city/info
Sabroso- All Day Dining,"Tonk Road, Jaipur",4.2,"₹1,300 for two","['North Indian, Chinese, Fast Food, Italian, Continental, Desserts, Shake']",/jaipur/sabroso-all-day-dining-tonk-road/info
Rasraj & Sons Restaurant,"Gopalpura, Jaipur",4.2,₹400 for two,"['North Indian, Mughlai, Biryani, Grilled Chicken, Roast Chicken, BBQ, Kebab']",/jaipur/rasraj-sons-restaurant-gopalpura/info
Playa - Zone By The Park,"Bani Park, Jaipur",3.9,"₹2,500 for two","['Chinese, North Indian, Mediterranean, Bar Food, Beverages']",/jaipur/playa-zone-by-the-park-bani-park/info
Gran Sabor Bistro,"Vaishali Nagar, Jaipur",4.7,"₹1,000 for two","['Pasta, Pizza, North Indian, Chinese, Fast Food, Beverages']",/jaipur/gran-sabor-bistro-vaishali-nagar/info
Terrazzo - Sarovar Premiere,"Tonk Road, Jaipur",4.4,"₹2,500 for two","['Fast Food, North Indian, Chinese, Continental, Sandwich, Salad, Desserts, Beverages']",/jaipur/terrazzo-sarovar-premiere-tonk-road/info
How Sweet - Cafe & Bakery,"Lal Kothi, Jaipur",4.0,₹350 for two,"['Bakery, Desserts, Fast Food, Continental, Healthy Food']",/jaipur/how-sweet-cafe-bakery-lal-kothi/info
Annpoornam Restaurant,"C Scheme, Jaipur",4.3,"₹1,000 for two",['South Indian'],/jaipur/annpoornam-restaurant-c-scheme/info
Surya Mahal Restaurant,"MI Road, Jaipur",4.4,"₹1,200 for two","['Italian, Rajasthani, North Indian, Chinese, Continental, South Indian, Desserts, Beverages']",/jaipur/surya-mahal-restaurant-mi-road/info
Sethia's Dana Pani,"Shyam Nagar, Jaipur",4.4,"₹1,200 for two","['North Indian, South Indian, Chinese, Fast Food, Salad, Desserts, Beverages']",/jaipur/sethias-dana-pani-1-shyam-nagar/info
Cafe 99,"Lal Kothi, Jaipur",3.7,₹300 for two,"['North Indian, South Indian, Chinese, Sandwich, Fast Food, Shake, Beverages']",/jaipur/cafe-99-lal-kothi/info
Chill - Nirwana Hometel Jaipur,"Bani Park, Jaipur",4.5,"₹2,300 for two",['Finger Food'],/jaipur/chill-nirwana-hometel-jaipur-bani-park/info
Maiden Over Bistro,"Raja Park, Jaipur",4.3,₹450 for two,"['Cafe, Coffee, Mexican, Italian, Burger, Sandwich']",/jaipur/maiden-over-bistro-raja-park/info
Coffee Dose,"Pratap Nagar, Jaipur",4.3,₹400 for two,"['Cafe, Coffee, Pizza, Sandwich, Momos, Tea, Shake, Beverages']",/jaipur/coffee-dose-1-pratap-nagar/info
Tea Tradition,"Malviya Nagar, Jaipur",4.3,₹700 for two,"['Tea, Fast Food, Street Food, Beverages']",/jaipur/tea-tradition-2-malviya-nagar/info
Gulp The Bar - Golden Tulip Essential,"MI Road, Jaipur",4.2,"₹3,000 for two","['Finger Food, Kebab, Bar Food, Beverages']",/jaipur/gulp-the-bar-golden-tulip-essential-mi-road/info
Rait By Teela,"Achrol, Jaipur",4.1,"₹2,400 for two","['Rajasthani, Continental, North Indian, Desserts, Beverages']",/jaipur/rait-by-teela-2-achrol/info
Aravalli Bar & Kitchen - Doubletree By Hilton,"Kukas, Jaipur",3.9,"₹1,500 for two","['Salad, Fast Food, Desserts, Beverages']",/jaipur/aravalli-bar-kitchen-doubletree-by-hilton-kukas/info
Casablanca Restaurant & Cafe,"Ajmer Highway, Jaipur",3.8,"₹1,200 for two","['North Indian, Chinese, Continental']",/jaipur/casablanca-restaurant-cafe-ajmer-highway/info
Bar Palladio Jaipur,"Narayan Singh Circle, Jaipur",3.8,"₹2,500 for two","['Italian, Continental, Salad, Finger Food, Beverages, Desserts']",/jaipur/bar-palladio-jaipur-narayan-singh-circle/info
Dev Hotel,"MI Road, Jaipur",3.8,₹500 for two,"['North Indian, Mughlai, Fast Food, Chinese, Biryani']",/jaipur/dev-hotel-mi-road/info
The Polo Bar - Rambagh Palace,"C Scheme, Jaipur",4.8,"₹7,000 for two","['Finger Food, Continental, Fast Food, Beverages']",/jaipur/the-polo-bar-rambagh-palace-c-scheme/info
Bites Of Tibet,"C Scheme, Jaipur",4.4,₹800 for two,['Tibetan'],/jaipur/bites-of-tibet-c-scheme/info
The House Of Coffee,"C Scheme, Jaipur",4.0,"₹1,200 for two","['Cafe, Coffee, Pizza, Pasta, Sandwich, Fast Food, Shake, Beverages']",/jaipur/the-house-of-coffee-c-scheme/info
Nibs Experia,"C Scheme, Jaipur",4.4,₹900 for two,"['Cafe, Continental, Italian, North Indian, Chinese, Salad, Desserts, Beverages']",/jaipur/nibs-experia-c-scheme/info
Curry & Caffeine - Kitchen & Brew,"Mansarovar, Jaipur",4.1,₹600 for two,"['North Indian, Chinese, Pizza, Pasta, Momos, Fast Food, Coffee, Beverages']",/jaipur/curry-caffeine-kitchen-brew-mansarovar/info
Spice Bahar,"Malviya Nagar, Jaipur",3.6,"₹1,200 for two","['North Indian, Chinese, Rajasthani, Italian, Kebab, Desserts, Beverages']",/jaipur/spice-bahar-malviya-nagar/info
Lattice - Sarovar Premiere,"Tonk Road, Jaipur",4.1,"₹1,400 for two","['Finger Food, Beverages, Coffee, Burger']",/jaipur/lattice-sarovar-premiere-tonk-road/info
Arth Spaces,"C Scheme, Jaipur",3.6,₹300 for two,"['Italian, Salad, Sandwich, Desserts, Beverages']",/jaipur/arth-spaces-c-scheme/info
Biryani By Skyza,"C Scheme, Jaipur",4.4,₹850 for two,"['Biryani, Pasta, Mexican, Sandwich, Fast Food, Coffee, Beverages']",/jaipur/biryani-by-skyza-c-scheme/info
Oasis - Hotel Park Prime,"C Scheme, Jaipur",3.4,"₹1,800 for two","['North Indian, Chinese, Fast Food']",/jaipur/oasis-hotel-park-prime-c-scheme/info
Pinxx By Regenta Place Sirsi Road,"Khatipura Road, Jaipur",4.1,"₹1,900 for two","['North Indian, Chinese, Mughlai, Asian, Biryani, Italian, Desserts, Beverages']",/jaipur/pinxx-by-regenta-place-sirsi-road-khatipura-road/info
Big Street Coffee,"Pratap Nagar, Jaipur",4.3,₹400 for two,"['Cafe, Coffee, Fast Food, Shake, Beverages, Healthy Food']",/jaipur/big-street-coffee-pratap-nagar/info
Burger N Beans,"Mansarovar, Jaipur",3.6,₹450 for two,"['Sandwich, Burger, Pizza, Fast Food, Rolls, Beverages']",/jaipur/burger-n-beans-mansarovar/info
Thinkk Crust,"Raja Park, Jaipur",4.6,₹450 for two,"['Pizza, Burger, Pasta, Fast Food']",/jaipur/thinkk-crust-raja-park/info
Chapas,"Malviya Nagar, Jaipur",4.4,₹450 for two,"['Street Food, Coffee, Beverages']",/jaipur/chapas-malviya-nagar/info
Giggles & Minions,"Mansarovar, Jaipur",4.0,"₹1,100 for two","['Chinese, Cafe, Italian, Mexican, North Indian, Fast Food, Waffle, Shake']",/jaipur/giggles-minions-mansarovar/info
Pizza Panda,"C Scheme, Jaipur",4.1,"₹1,700 for two","['Pizza, Pasta, Fast Food, Desserts']",/jaipur/pizza-panda-1-c-scheme/info
The Earthy Cafe,"Khatipura Road, Jaipur",4.3,₹450 for two,"['Cafe, Coffee, Pizza, Pasta, Fast Food, Salad, Shake, Beverages']",/jaipur/the-earthy-cafe-khatipura-road/info
Kesar Kanha,"Chitrakoot, Jaipur",4.2,"₹1,000 for two","['North Indian, Chinese, Fast Food, Desserts, Beverages, South Indian, Cafe, Modern Indian']",/jaipur/kesar-kanha-chitrakoot/info
Bagga N.M. Cafe,"Mansarovar, Jaipur",3.3,₹250 for two,"['Chinese, Fast Food']",/jaipur/bagga-n-m-cafe-1-mansarovar/info
Nature Miles,"Mansarovar, Jaipur",3.3,₹650 for two,"['Coffee, Cafe, Chinese, Shake, Beverages, Tea, Continental, Italian']",/jaipur/nature-miles-mansarovar/info
Loca By La Multigrain,"Malviya Nagar, Jaipur",4.4,₹700 for two,"['Cafe, Fast Food, Desserts, Beverages']",/jaipur/loca-by-la-multigrain-malviya-nagar/info
Maeri Cafe,"Vaishali Nagar, Jaipur",4.4,"₹1,000 for two","['Pizza, Sandwich, Cafe, Pasta']",/jaipur/maeri-cafe-vaishali-nagar/info
Kesar,"Lal Kothi, Jaipur",3.8,₹500 for two,"['Mithai, North Indian, Chinese, Fast Food']",/jaipur/kesar-lal-kothi/info
COB - Club Old Barrel,"Sodala, Jaipur",3.9,₹950 for two,['Bar Food'],/jaipur/cob-club-old-barrel-sodala/info
Ayyappa Dosa,"Shyam Nagar, Jaipur",3.3,₹400 for two,"['South Indian, Beverages']",/jaipur/ayyappa-dosa-shyam-nagar/info
Safa - Golden Tulip,"MI Road, Jaipur",4.2,"₹1,500 for two","['Finger Food, North Indian, South Indian, Chinese, Japanese, Asian, Korean, Biryani']",/jaipur/safa-golden-tulip-mi-road/info
The Sunday Spirit,"Bais Godam, Jaipur",3.9,"₹1,400 for two","['North Indian, Fast Food, Chinese']",/jaipur/the-sunday-spirit-bais-godam/info
Rangmahal - KK Royal Hotel,"Amer, Jaipur",3.6,"₹3,000 for two","['North Indian, Continental, Chinese, South Indian, Oriental, Desserts, Beverages']",/jaipur/rangmahal-kk-royal-hotel-amer/info
Jee Lalchaye,"Vaishali Nagar, Jaipur",4.3,₹100 for two,"['Fast Food, Beverages, Pizza, Burger, Sandwich, Momos']",/jaipur/jee-lalchaye-vaishali-nagar/info
Akss - India Reimagined,"C Scheme, Jaipur",4.1,"₹1,200 for two","['Rajasthani, North Indian, Desserts, Beverages']",/jaipur/akss-india-reimagined-c-scheme/info
Distil - Lounge Bar,"MI Road, Jaipur",4.3,"₹1,800 for two","['Finger Food, North Indian']",/jaipur/distil-lounge-bar-mi-road/info
Taste Twister Restaurant,"Pratap Nagar, Jaipur",3.9,₹800 for two,"['North Indian, Chinese, Pizza, Fast Food, Desserts, Shake, Beverages']",/jaipur/taste-twister-restaurant-pratap-nagar/info
Carrots and Cabbages-The Orion,"Bani Park, Jaipur",4.1,"₹1,500 for two","['Chinese, North Indian, Italian, Mexican, Biryani, Sichuan, Desserts, Beverages']",/jaipur/carrots-and-cabbages-the-orion-bani-park/info
